50000.0,50000.0,50000.0,50000.0,50000.0,50000.0,50000.0,50000.0,50000.0,50000.0,50000.0,50000.0,50000.0,50000.0,50000.0,50000.0,50000.0,50000.0,50000.0,50000.0,50000.0,50000.0,50000.0,50000.0,50000.0,50000.0,50000.0,50000.0,50000.0,50000.0,50000.0,50000.0,50000.0,50000.0,50000.0
4.5643,1.1721,1.4121,4.4763,1.1681,2.9362,4.7563,4.6323,0.224,1.6081,0.8801,50000.0,3225.88,2.0961,50000.0,0.9441,50000.0,1.4321,1.2561,4.5523,1.8081,7.7485,4.6003,0.8201,2.0801,0.308,1.5281,1.0761,2.1601,2.7122,2.8042,1.4881,5.4203,50000.0,4.5123
2.0681,1.5081,1.2401,3.5522,1.6121,1.1561,4.0122,6.1324,0.34,1.1121,0.512,50000.0,50000.0,3.4202,50000.0,1.1281,50000.0,1.1601,1.8721,1.9041,1.1321,3.1482,1.7001,1.2841,1.0601,0.344,0.652,1.1201,1.3521,1001.17,1201.34,1.3321,4.4923,50000.0,3.1122
363.779,10.6247,4.5083,43.1307,10.6367,21.2013,139.993,481.346,7.5405,6.0564,33.2381,50000.0,50000.0,158.258,50000.0,8.9486,50000.0,12.1008,993.258,25.1496,6.1324,8.6085,9.1806,233.911,328.116,7.3325,10.0926,17.2171,5.9884,1005.7,1482.04,33.7101,30.0819,50000.0,40.6985
50000.0,50000.0,50000.0,833.46,50000.0,0.476,37.1423,30.6579,50000.0,50000.0,50000.0,50000.0,50000.0,50000.0,50000.0,50000.0,50000.0,110.859,406.449,0.9401,50000.0,0.472,1.1281,50000.0,50000.0,50000.0,50000.0,50000.0,50000.0,50000.0,1413.28,220.27,1.3241,50000.0,50000.0
23.1534,47.247,35.5022,45.5068,46.9229,39.1944,15.285,38.4384,27.2097,41.0466,1026.52,50000.0,50000.0,31.1539,50000.0,14.3569,50000.0,58.9797,981.397,171.655,63.588,29.8819,129.8,13.9809,58.2916,27.4657,22.2054,91.5497,26.7857,1026.39,1214.15,90.3936,95.218,50000.0,30.0059
267.493,75.7807,165.534,17.5451,75.6487,57.6956,96.302,66.5202,50000.0,56.6555,1026.73,50000.0,50000.0,694.299,50000.0,52.3273,233.819,25.5256,430.187,370.787,40.0665,1931.99,3.9442,52.2593,61.4838,50000.0,50000.0,50000.0,27.3737,1027.14,2331.94,30.4499,4.9563,50000.0,36.3743
293.854,1499.81,50000.0,298.451,1496.88,2234.34,50000.0,50000.0,50000.0,134.316,1094.56,50000.0,50000.0,89.9056,50000.0,3238.6,50000.0,186.376,50000.0,0.42,105.947,50000.0,0.416,140.621,110.079,50000.0,50000.0,50000.0,95.1539,1095.36,50000.0,334.329,1.0481,50000.0,101.158
292.662,1154.28,50000.0,325.272,1146.68,1350.36,50000.0,50000.0,50000.0,147.273,1094.9,50000.0,50000.0,83.7452,50000.0,2376.81,1203.73,287.962,3473.62,0.42,110.259,50000.0,0.42,199.184,190.436,50000.0,50000.0,50000.0,95.806,1095.45,50000.0,178.687,1.1801,50000.0,102.13
4029.52,1967.09,35.4382,885.083,1968.95,1026.63,4209.56,50000.0,50000.0,2682.92,50000.0,50000.0,50000.0,505.716,50000.0,170.567,50000.0,50000.0,50000.0,1932.76,2.2961,50000.0,50000.0,1604.41,204.941,50000.0,2539.91,2361.02,50000.0,50000.0,2252.94,74.3886,851.417,50000.0,50000.0
750.831,180.883,50000.0,57.1716,180.875,1052.48,50000.0,50000.0,50000.0,240.311,1168.62,50000.0,50000.0,50000.0,50000.0,678.69,1678.54,47.571,2966.11,50000.0,159.766,50000.0,9.1126,211.585,245.923,50000.0,50000.0,50000.0,171.395,1170.97,50000.0,51.2752,12.3968,50000.0,115.183
2458.87,1564.14,2548.44,1628.52,1562.62,1530.11,4731.37,4848.42,50000.0,1296.92,2216.23,50000.0,50000.0,1183.18,50000.0,1420.98,1163.6,783.693,2899.99,4439.72,1173.94,4316.32,4746.84,1135.05,1200.21,50000.0,50000.0,50000.0,1169.18,2167.94,2772.39,803.198,4685.18,50000.0,1523.28
885.039,2390.72,640.108,1931.73,2378.17,952.192,294.254,1211.64,994.294,149.493,3694.39,50000.0,65.8881,271.265,50000.0,3505.26,50000.0,50000.0,929.25,50000.0,1198.65,1013.95,50000.0,53.1193,53.2353,995.466,742.87,3348.2,2726.08,591.617,594.069,50000.0,631.672,50000.0,480.086
1177.83,645.52,3316.72,631.648,645.74,1546.9,4174.11,4092.77,50000.0,536.241,1326.45,50000.0,50000.0,261.432,50000.0,1871.38,1117.09,50000.0,1869.24,4839.51,368.607,50000.0,50000.0,739.978,628.347,50000.0,50000.0,50000.0,328.104,1328.32,3039.41,893.236,50000.0,50000.0,301.607
3333.84,1939.28,1223.91,2008.27,1937.06,2436.52,1473.74,810.919,4660.06,2407.25,2702.97,50000.0,50000.0,1909.49,50000.0,3288.44,2024.39,3271.14,3157.76,2265.99,3855.14,50000.0,2006.97,2210.62,3064.5,4631.22,3389.04,3176.41,1706.66,2714.41,4802.43,3638.52,1662.38,50000.0,1776.36
1114.37,1100.18,1025.48,1466.45,1096.83,896.344,852.961,864.022,790.389,1279.8,2199.58,50000.0,50000.0,1268.8,50000.0,917.185,50000.0,507.488,50000.0,498.351,1475.56,965.232,615.742,487.018,1081.74,794.118,2251.88,1851.68,1202.3,2200.71,3500.16,992.702,635.468,50000.0,1430.23
449.956,286.346,507.212,254.392,286.238,292.978,423.798,410.262,494.799,172.327,1154.48,50000.0,50000.0,321.296,50000.0,275.537,183.543,452.508,550.606,289.574,144.613,1123.28,1025.21,262.06,224.506,493.727,434.971,645.708,157.454,1156.32,1649.45,504.804,1594.64,50000.0,106.975
1106.13,464.905,2481.8,501.615,466.305,975.353,50000.0,50000.0,50000.0,399.617,1275.22,50000.0,50000.0,242.307,50000.0,1504.99,782.049,4426.31,1555.35,0.62,346.298,50000.0,0.66,597.641,413.762,50000.0,50000.0,50000.0,277.357,1277.46,2875.21,3394.08,1.3561,50000.0,320.464
473.846,475.986,234.471,1608.56,475.774,957.428,87.7575,83.8932,50000.0,125.26,1244.27,50000.0,50000.0,100.722,50000.0,629.723,405.169,153.75,3686.37,155.97,88.6935,50000.0,155.23,231.754,240.283,50000.0,50000.0,50000.0,244.859,1244.99,1869.61,125.068,65.8641,50000.0,47.1149
303.423,104.631,75.2647,100.85,104.851,63.716,528.213,566.659,126.064,115.159,1092.66,50000.0,50000.0,76.0208,50000.0,81.4171,145.717,124.332,406.437,290.286,115.475,381.684,276.253,116.047,147.809,125.88,128.476,130.112,93.7379,1093.51,1309.4,106.391,491.723,50000.0,129.892
340.597,100.294,59.9357,140.821,100.642,82.9012,1075.74,1575.15,275.153,59.1877,1042.59,50000.0,50000.0,57.3516,50000.0,104.855,179.671,265.877,1010.33,305.535,62.6679,459.761,319.044,65.3761,60.3078,275.433,234.171,265.545,42.7467,1042.32,1314.08,241.771,766.984,50000.0,75.2567
263.66,97.7901,297.755,178.499,97.8621,42.8267,445.448,340.869,68.5643,261.54,1371.25,50000.0,50000.0,393.273,50000.0,413.646,50000.0,258.308,1016.02,231.878,244.335,171.131,231.502,233.459,234.159,68.8603,67.2482,67.5522,369.839,1365.13,1225.68,361.515,567.195,50000.0,341.769
90.3056,143.533,1521.33,95.35,143.805,494.355,170.735,197.784,50000.0,57.6196,1070.12,50000.0,50000.0,205.217,50000.0,235.775,261.604,73.4406,598.017,121.052,60.9918,1343.09,122.048,422.078,329.185,50000.0,50000.0,50000.0,70.5324,1070.24,1753.38,53.9114,108.695,50000.0,32.562
826.632,573.72,366.095,766.544,571.68,390.796,249.276,260.492,963.904,462.617,1611.47,50000.0,50000.0,592.453,50000.0,395.353,1080.42,300.331,50000.0,259.104,287.878,366.239,392.585,222.282,462.745,964.112,2873.65,1969.66,610.162,1610.99,3535.85,287.874,215.605,50000.0,728.545
1052.74,504.32,627.075,507.004,504.872,431.619,3263.66,2995.38,50000.0,387.924,1402.97,50000.0,50000.0,436.083,50000.0,693.375,1231.77,685.451,973.621,455.728,406.097,1270.18,456.745,517.476,379.524,50000.0,50000.0,50000.0,406.569,1405.41,2853.8,857.134,609.226,50000.0,542.642
360.639,470.397,243.503,478.366,472.406,216.574,327.136,341.841,1039.59,202.369,1240.88,50000.0,50000.0,285.462,50000.0,206.553,455.808,369.063,1401.89,263.236,240.959,256.136,175.671,180.075,227.206,1039.48,1183.98,1780.78,240.619,1241.4,1907.64,386.36,206.045,50000.0,450.0
320.348,430.911,4795.24,50000.0,429.763,50000.0,50000.0,50000.0,50000.0,230.49,1510.21,50000.0,50000.0,395.597,50000.0,4700.19,2038.1,50000.0,50000.0,0.424,197.948,50000.0,0.424,347.406,387.5,50000.0,50000.0,50000.0,516.288,1513.79,2189.72,50000.0,1.1961,50000.0,369.387
50000.0,50000.0,62.6719,608.906,50000.0,167.13,1244.72,1277.02,50000.0,64.592,1077.7,50000.0,50000.0,71.0644,50000.0,61.0798,50000.0,3978.6,50000.0,403.437,64.8721,199.784,403.269,61.3718,60.2678,50000.0,50000.0,50000.0,61.1718,1060.96,50000.0,50000.0,50000.0,50000.0,69.3803
236.131,400.533,1848.07,340.005,399.733,4120.41,333.681,339.989,50000.0,161.546,1135.4,50000.0,50000.0,222.174,50000.0,50000.0,50000.0,289.53,50000.0,448.6,184.252,50000.0,449.876,359.05,433.347,50000.0,50000.0,50000.0,136.361,1136.06,1561.05,335.913,445.216,50000.0,143.837
1865.79,1500.37,1496.83,1585.23,1495.56,1534.06,892.66,864.366,3634.34,1285.78,2185.26,50000.0,50000.0,1336.03,50000.0,1575.19,50000.0,431.931,2123.06,418.194,1359.15,2185.55,866.03,374.727,1097.32,3610.81,3745.95,4015.13,1181.02,2179.69,2555.73,515.796,1464.52,50000.0,1045.81
2356.85,2927.22,850.237,2368.8,2924.84,1493.3,50000.0,50000.0,1404.68,2151.53,2403.96,50000.0,50000.0,2017.77,50000.0,698.356,1916.0,22.8614,2212.01,50000.0,2145.64,50000.0,50000.0,1060.37,1496.47,1401.24,1894.13,1165.9,1414.44,2410.27,4232.55,23.2335,50000.0,50000.0,4356.65
1289.95,1025.18,50000.0,807.194,1024.3,50000.0,662.745,781.313,50000.0,419.966,1445.31,50000.0,50000.0,867.25,50000.0,50000.0,774.028,534.053,50000.0,942.051,573.956,50000.0,941.591,808.318,796.51,50000.0,50000.0,50000.0,459.029,1446.5,2033.62,540.326,991.938,50000.0,418.642
285.458,401.113,2180.64,1237.45,395.657,4816.05,50000.0,50000.0,50000.0,232.006,1443.42,50000.0,50000.0,264.949,50000.0,50000.0,3216.4,50000.0,50000.0,0.412,172.443,50000.0,0.412,221.186,189.156,50000.0,50000.0,50000.0,449.612,1448.08,2135.22,50000.0,0.9841,50000.0,318.408
71.4845,43.5547,3.9202,67.1082,44.1668,28.5378,107.359,91.1297,35.8062,26.5057,1015.06,50000.0,292.23,31.706,50000.0,64.9401,50000.0,22.9414,1013.96,248.088,44.5348,12.9408,143.385,35.0262,30.0099,35.7742,37.7184,43.4907,14.9529,1014.71,1242.71,130.648,224.33,50000.0,11.6167
50000.0,50000.0,607.57,50000.0,50000.0,570.984,572.292,400.097,2293.35,50000.0,50000.0,50000.0,50000.0,50000.0,50000.0,277.969,50000.0,2265.53,50000.0,50000.0,50000.0,723.161,50000.0,50000.0,50000.0,2255.29,3650.55,2316.82,50000.0,50000.0,50000.0,3849.22,50000.0,50000.0,50000.0
98.8542,31.2219,190.124,55.5435,31.0939,74.9567,186.92,130.54,52.6513,41.4586,664.21,50000.0,616.811,93.6179,50000.0,20.6173,50000.0,176.223,1065.69,153.362,50.8232,19.9092,345.546,9.8486,31.358,52.7273,56.2555,41.5586,38.5664,623.367,684.751,198.78,123.096,50000.0,20.5653
859.118,342.569,487.738,200.193,342.285,466.037,150.033,158.234,1090.19,460.109,1352.22,50000.0,50000.0,351.85,50000.0,1442.32,414.718,104.875,601.71,272.605,516.856,4278.5,270.701,494.179,445.868,1090.29,1224.92,1458.2,349.83,1348.72,1628.4,115.491,153.19,50000.0,405.205
33.7741,26.9457,32.754,27.1817,26.9017,23.6815,894.92,728.854,50000.0,17.3051,1024.0,50000.0,50000.0,35.6462,50000.0,29.6619,39.1544,32.058,946.535,210.013,15.0089,70.4004,209.913,23.2094,24.3575,50000.0,50000.0,50000.0,24.4095,1024.14,1232.25,19.8692,182.103,50000.0,23.1014
889.288,1130.24,380.004,1404.64,1132.87,50000.0,200.397,264.385,50000.0,176.051,2734.57,50000.0,50000.0,292.758,50000.0,4133.89,50000.0,360.079,1253.57,364.303,188.044,3579.82,364.451,112.255,580.032,50000.0,50000.0,50000.0,1726.76,2726.29,1672.52,255.856,513.084,50000.0,2223.28
50000.0,50000.0,50000.0,4397.0,50000.0,50000.0,50000.0,50000.0,50000.0,50000.0,4650.71,50000.0,50000.0,3098.61,50000.0,50000.0,50000.0,50000.0,50000.0,2620.16,4378.27,50000.0,2643.72,4335.39,50000.0,50000.0,50000.0,50000.0,3666.95,4666.22,50000.0,50000.0,2610.04,50000.0,2803.77
550.266,177.223,126.04,112.631,177.255,362.763,250.132,262.372,124.7,102.398,229.074,50000.0,965.032,65.9361,50000.0,878.823,50000.0,217.774,1131.22,305.563,146.369,22.3854,325.812,130.516,70.8644,124.912,127.872,115.755,117.507,951.027,959.204,185.492,440.067,50000.0,36.4823
875.463,758.355,552.603,463.709,759.604,1589.54,386.672,350.586,1430.94,953.196,1641.39,50000.0,50000.0,506.084,50000.0,1167.73,731.066,424.619,1453.7,464.625,871.683,50000.0,464.049,831.48,963.872,1422.17,1547.26,1676.55,646.828,1646.78,1892.79,401.681,749.219,50000.0,677.626
235.939,233.571,561.847,210.725,232.767,196.488,156.77,156.514,50000.0,150.633,1117.95,50000.0,50000.0,167.19,50000.0,145.621,352.534,153.822,828.476,149.421,124.448,3579.43,149.629,171.727,130.912,50000.0,50000.0,50000.0,117.435,1117.5,1637.57,210.125,175.127,50000.0,116.347
104.087,6.5164,2.9802,56.4195,6.4324,38.9264,107.759,108.275,50000.0,3.3002,1003.65,50000.0,50000.0,3.1602,50000.0,4.6803,252.572,264.465,924.346,23.7655,3.3522,867.458,23.6415,3.2682,3.1802,50000.0,50000.0,50000.0,3.9642,1003.63,1623.23,407.777,26.1056,50000.0,3.8802
325.756,542.038,821.523,589.473,543.366,332.753,234.407,207.297,50000.0,413.438,1333.82,50000.0,50000.0,437.307,50000.0,543.282,1305.74,279.165,1645.04,442.616,373.435,2689.08,441.812,485.366,528.645,50000.0,50000.0,50000.0,335.385,1334.88,3307.36,341.949,414.342,50000.0,321.956
50000.0,50000.0,50000.0,50000.0,50000.0,50000.0,50000.0,50000.0,50000.0,50000.0,3844.3,50000.0,50000.0,4085.26,50000.0,50000.0,50000.0,50000.0,50000.0,3455.5,50000.0,50000.0,3454.75,50000.0,3260.34,50000.0,50000.0,50000.0,2847.67,3843.97,50000.0,50000.0,3839.32,50000.0,1487.33
50000.0,50000.0,50000.0,50000.0,50000.0,50000.0,50000.0,50000.0,50000.0,50000.0,50000.0,50000.0,50000.0,50000.0,50000.0,50000.0,50000.0,50000.0,50000.0,0.608,50000.0,50000.0,0.604,50000.0,50000.0,50000.0,50000.0,50000.0,50000.0,50000.0,50000.0,50000.0,1.2361,50000.0,50000.0
50000.0,50000.0,3607.75,50000.0,50000.0,2046.18,3447.69,3576.06,50000.0,2308.8,50000.0,50000.0,50000.0,3984.24,50000.0,50000.0,50000.0,50000.0,50000.0,1776.22,2669.31,50000.0,1818.25,1900.48,1824.22,50000.0,50000.0,50000.0,50000.0,50000.0,50000.0,50000.0,4611.24,50000.0,50000.0
109.059,137.189,145.381,148.677,137.401,64.096,563.687,599.942,50000.0,101.142,1120.51,50000.0,50000.0,154.854,50000.0,100.462,795.058,233.147,876.523,203.833,90.9337,326.168,203.757,80.229,92.6658,50000.0,50000.0,50000.0,121.548,1121.26,2395.44,307.955,298.427,50000.0,134.796
164.606,156.85,85.5894,234.679,157.718,37.0423,435.091,368.883,216.754,133.988,1119.83,50000.0,50000.0,53.9794,50000.0,83.6252,267.437,301.663,578.112,4867.28,134.892,1218.08,4867.92,216.482,140.277,217.014,340.029,566.455,121.08,1120.35,1483.76,312.988,50000.0,50000.0,177.255
50000.0,50000.0,822.895,278.785,50000.0,50000.0,48.567,802.738,3452.34,2963.27,1215.54,50000.0,50000.0,50000.0,50000.0,26.6497,50000.0,1070.17,1320.5,957.26,50000.0,50000.0,1321.03,4167.34,705.784,3441.2,503.908,4909.09,220.342,1219.43,2304.38,606.794,1315.2,50000.0,1706.29
128.672,50.0671,168.891,79.365,50.2111,199.84,109.611,115.843,14.3249,74.8327,1070.78,50000.0,50000.0,165.39,50000.0,136.365,50000.0,40.7665,1060.88,375.359,59.4557,201.569,361.175,65.2161,102.11,14.1729,260.564,46.3949,71.1804,1071.07,1307.19,114.459,241.235,50000.0,92.5298
47.1709,130.316,133.404,146.113,130.64,28.7778,1984.47,50000.0,50000.0,41.0146,1034.77,50000.0,50000.0,51.1912,50000.0,75.3407,201.041,111.907,597.637,8.9526,31.83,163.718,8.9406,46.1309,50.4872,50000.0,50000.0,50000.0,35.2462,1035.13,1543.65,125.068,4.7283,50000.0,49.2711
136.429,119.619,73.6086,376.292,119.647,297.895,589.557,50000.0,65.1761,76.5328,1323.75,50000.0,50000.0,266.433,50000.0,471.617,50000.0,268.921,1543.17,51.8872,75.8287,204.305,51.5992,277.517,104.315,65.1281,69.1763,81.7811,311.808,1308.91,1254.11,60.5878,189.248,50000.0,227.83
1025.1,1087.63,274.109,254.12,1089.58,335.861,926.754,831.656,1454.73,529.693,1505.81,50000.0,50000.0,425.267,50000.0,187.468,50000.0,1264.73,970.409,879.335,455.612,1094.58,874.959,402.909,448.036,1447.0,2496.79,3351.71,513.116,1511.44,1592.7,1292.93,953.184,50000.0,492.423
50000.0,50000.0,50000.0,792.594,50000.0,50000.0,1860.75,1857.06,50000.0,50000.0,50000.0,50000.0,50000.0,50000.0,50000.0,50000.0,50000.0,410.582,50000.0,50000.0,50000.0,50000.0,50000.0,50000.0,50000.0,50000.0,50000.0,50000.0,50000.0,50000.0,50000.0,794.706,50000.0,50000.0,50000.0
1549.94,50000.0,2452.08,4038.83,50000.0,1266.62,2164.16,1509.97,4283.69,2659.23,3970.34,50000.0,50000.0,741.474,50000.0,1164.8,50000.0,50000.0,50000.0,1287.53,50000.0,4700.86,1288.53,2771.02,50000.0,4279.48,4044.79,3825.64,3001.59,4000.28,50000.0,4989.2,2229.44,50000.0,50000.0
1455.78,896.276,2363.12,677.242,898.324,2367.12,698.54,669.026,50000.0,1037.96,1676.48,50000.0,50000.0,691.403,50000.0,1957.51,1040.37,837.128,1997.86,1231.15,810.959,1965.85,1144.54,1120.01,1126.81,50000.0,50000.0,50000.0,662.757,1665.37,2078.7,1397.33,1507.41,50000.0,591.049
50000.0,50000.0,3481.56,50000.0,50000.0,2901.84,3332.26,3914.1,4835.12,4737.46,4317.24,50000.0,50000.0,2243.56,50000.0,3002.9,50000.0,50000.0,3657.51,3902.48,4877.01,50000.0,3657.16,50000.0,50000.0,4830.36,4657.37,4424.12,3338.47,4350.47,50000.0,50000.0,3941.7,50000.0,3803.23
4863.19,50000.0,3913.79,50000.0,50000.0,3065.47,50000.0,50000.0,50000.0,50000.0,50000.0,50000.0,50000.0,50000.0,50000.0,3300.94,50000.0,50000.0,50000.0,4224.99,50000.0,50000.0,50000.0,50000.0,50000.0,50000.0,50000.0,50000.0,50000.0,50000.0,50000.0,50000.0,50000.0,50000.0,50000.0
145.289,1046.81,36.7983,1790.83,1050.66,1260.56,4202.74,1493.86,569.516,157.05,1101.94,50000.0,1117.22,50000.0,50000.0,3165.47,50000.0,2955.05,1858.13,2340.27,870.382,50000.0,2349.1,110.835,110.895,570.7,900.228,942.379,103.582,437.167,439.071,50000.0,50000.0,50000.0,2186.85
50000.0,50000.0,441.696,892.156,50000.0,50000.0,792.618,50000.0,2678.22,1419.19,4009.34,50000.0,50000.0,50000.0,50000.0,50000.0,50000.0,2532.53,2433.85,50000.0,1926.72,2518.43,50000.0,4498.16,4510.92,2682.23,50000.0,50000.0,2950.88,3929.09,2306.4,2805.24,50000.0,50000.0,934.966
10.4567,14.0969,21.9734,37.6864,14.2929,7.8125,330.637,288.994,120.152,8.1405,1011.78,50000.0,50000.0,12.6048,50000.0,12.2648,70.9684,168.675,921.646,45.2948,8.3845,7.5605,45.2268,7.9245,10.8767,120.2,227.91,538.294,12.0368,1011.76,1217.31,148.957,40.9866,50000.0,11.2047
1018.65,31.366,316.884,157.614,31.382,147.145,359.947,50000.0,290.97,69.1163,1211.11,50000.0,50000.0,165.602,50000.0,217.418,50000.0,249.096,1991.43,73.8606,68.6803,94.7899,73.9086,61.5038,215.613,292.19,297.799,320.424,203.125,1204.24,1284.44,101.21,193.06,50000.0,154.434
1014.23,1455.34,825.74,1917.96,1452.88,612.186,913.073,666.074,50000.0,790.205,2199.65,50000.0,50000.0,1616.42,50000.0,728.322,1558.04,896.54,50000.0,465.353,1071.47,809.615,475.654,708.984,610.298,50000.0,50000.0,50000.0,1212.98,2197.88,4171.48,1032.87,545.218,50000.0,1401.93
992.006,482.454,3130.52,486.038,481.662,927.474,50000.0,50000.0,50000.0,459.577,1288.39,50000.0,50000.0,238.911,50000.0,1477.58,767.964,2843.79,1658.24,0.596,334.993,50000.0,0.62,433.251,480.25,50000.0,50000.0,50000.0,291.498,1291.0,2754.48,2438.65,1.3081,50000.0,318.372
7.4885,26.4857,7.2524,73.2366,26.3536,15.685,374.331,94.8139,4.0442,6.0084,1010.38,50000.0,50000.0,48.087,50000.0,5.8924,50000.0,5.4363,336.049,13.4768,8.9246,11.8047,13.4408,24.6935,10.5727,4.1003,4.7523,7.5885,10.9207,1010.57,1212.9,6.0164,20.0373,50000.0,36.1903
50000.0,303.703,50000.0,848.121,303.931,50000.0,77.1568,96.07,50000.0,1975.73,50000.0,50000.0,50000.0,50000.0,50000.0,50000.0,50000.0,50000.0,3385.16,50000.0,4832.13,50000.0,50000.0,4584.95,811.711,50000.0,50000.0,50000.0,50000.0,50000.0,50000.0,50000.0,50000.0,50000.0,50000.0
50000.0,50000.0,50000.0,50000.0,50000.0,50000.0,50000.0,50000.0,50000.0,50000.0,50000.0,50000.0,50000.0,50000.0,50000.0,50000.0,50000.0,50000.0,50000.0,50000.0,50000.0,50000.0,50000.0,50000.0,50000.0,50000.0,50000.0,50000.0,50000.0,50000.0,50000.0,50000.0,50000.0,50000.0,50000.0
50000.0,50000.0,50000.0,50000.0,50000.0,50000.0,50000.0,50000.0,50000.0,50000.0,50000.0,50000.0,50000.0,50000.0,50000.0,50000.0,50000.0,50000.0,50000.0,50000.0,50000.0,50000.0,50000.0,50000.0,50000.0,50000.0,50000.0,50000.0,50000.0,50000.0,50000.0,50000.0,50000.0,50000.0,50000.0
50000.0,50000.0,50000.0,50000.0,50000.0,50000.0,50000.0,50000.0,50000.0,50000.0,50000.0,50000.0,50000.0,50000.0,50000.0,50000.0,50000.0,50000.0,50000.0,50000.0,50000.0,50000.0,50000.0,50000.0,50000.0,50000.0,50000.0,50000.0,50000.0,50000.0,50000.0,50000.0,50000.0,50000.0,50000.0
50000.0,50000.0,50000.0,50000.0,50000.0,50000.0,50000.0,50000.0,50000.0,50000.0,50000.0,50000.0,50000.0,50000.0,50000.0,50000.0,50000.0,50000.0,50000.0,50000.0,50000.0,50000.0,50000.0,50000.0,50000.0,50000.0,50000.0,50000.0,50000.0,50000.0,50000.0,50000.0,50000.0,50000.0,50000.0
50000.0,50000.0,50000.0,50000.0,50000.0,50000.0,50000.0,50000.0,50000.0,50000.0,50000.0,50000.0,50000.0,50000.0,50000.0,50000.0,50000.0,50000.0,50000.0,50000.0,50000.0,50000.0,50000.0,50000.0,50000.0,50000.0,50000.0,50000.0,50000.0,50000.0,50000.0,50000.0,50000.0,50000.0,50000.0
50000.0,50000.0,50000.0,50000.0,50000.0,50000.0,50000.0,50000.0,50000.0,50000.0,50000.0,50000.0,50000.0,50000.0,50000.0,50000.0,50000.0,50000.0,50000.0,50000.0,50000.0,50000.0,50000.0,50000.0,50000.0,50000.0,50000.0,50000.0,50000.0,50000.0,50000.0,50000.0,50000.0,50000.0,50000.0
50000.0,50000.0,50000.0,50000.0,50000.0,50000.0,50000.0,50000.0,50000.0,50000.0,50000.0,50000.0,50000.0,50000.0,50000.0,50000.0,50000.0,50000.0,50000.0,50000.0,50000.0,50000.0,50000.0,50000.0,50000.0,50000.0,50000.0,50000.0,50000.0,50000.0,50000.0,50000.0,50000.0,50000.0,50000.0
50000.0,50000.0,50000.0,50000.0,50000.0,50000.0,50000.0,50000.0,50000.0,50000.0,50000.0,50000.0,50000.0,50000.0,50000.0,50000.0,50000.0,50000.0,50000.0,50000.0,50000.0,50000.0,50000.0,50000.0,50000.0,50000.0,50000.0,50000.0,50000.0,50000.0,50000.0,50000.0,50000.0,50000.0,50000.0
50000.0,50000.0,50000.0,50000.0,50000.0,50000.0,50000.0,50000.0,50000.0,50000.0,50000.0,50000.0,50000.0,50000.0,50000.0,50000.0,50000.0,50000.0,50000.0,50000.0,50000.0,50000.0,50000.0,50000.0,50000.0,50000.0,50000.0,50000.0,50000.0,50000.0,50000.0,50000.0,50000.0,50000.0,50000.0
50000.0,50000.0,50000.0,50000.0,50000.0,50000.0,50000.0,50000.0,50000.0,50000.0,50000.0,50000.0,50000.0,50000.0,50000.0,50000.0,50000.0,50000.0,50000.0,50000.0,50000.0,50000.0,50000.0,50000.0,50000.0,50000.0,50000.0,50000.0,50000.0,50000.0,50000.0,50000.0,50000.0,50000.0,50000.0
50000.0,50000.0,50000.0,50000.0,50000.0,50000.0,50000.0,50000.0,50000.0,50000.0,50000.0,50000.0,50000.0,50000.0,50000.0,50000.0,50000.0,50000.0,50000.0,50000.0,50000.0,50000.0,50000.0,50000.0,50000.0,50000.0,50000.0,50000.0,50000.0,50000.0,50000.0,50000.0,50000.0,50000.0,50000.0
126.684,35.8542,48.355,52.3633,30.6499,48.051,350.246,821.327,50000.0,38.0824,35.7822,50000.0,50000.0,34.6942,50000.0,49.5111,50000.0,50000.0,140.437,164.798,37.9584,50.3151,189.376,44.9788,47.647,50000.0,35.9142,34.5302,35.4742,35.1902,28.3298,50000.0,169.159,50000.0,49.7951
50000.0,50000.0,50000.0,50000.0,50000.0,50000.0,50000.0,50000.0,50000.0,50000.0,50000.0,50000.0,50000.0,50000.0,50000.0,50000.0,50000.0,50000.0,50000.0,50000.0,50000.0,50000.0,50000.0,50000.0,50000.0,50000.0,50000.0,50000.0,50000.0,50000.0,50000.0,50000.0,50000.0,50000.0,50000.0
50000.0,50000.0,50000.0,50000.0,50000.0,50000.0,50000.0,50000.0,50000.0,50000.0,50000.0,50000.0,50000.0,50000.0,50000.0,50000.0,50000.0,50000.0,50000.0,50000.0,50000.0,50000.0,50000.0,50000.0,50000.0,50000.0,50000.0,50000.0,50000.0,50000.0,50000.0,50000.0,50000.0,50000.0,50000.0
2014.93,3237.36,1417.96,1750.34,3252.04,1401.4,1600.86,1797.56,50000.0,4023.06,3585.75,50000.0,50000.0,1740.14,50000.0,4432.77,50000.0,1664.06,4351.38,1931.86,25.9656,4258.1,1925.93,1244.79,3133.16,50000.0,50000.0,50000.0,2593.71,3587.92,2417.48,3997.79,2634.62,50000.0,2227.69
50000.0,50000.0,50000.0,50000.0,50000.0,50000.0,50000.0,50000.0,50000.0,50000.0,50000.0,50000.0,50000.0,50000.0,50000.0,50000.0,50000.0,50000.0,50000.0,50000.0,50000.0,50000.0,50000.0,50000.0,50000.0,50000.0,50000.0,50000.0,50000.0,50000.0,50000.0,50000.0,50000.0,50000.0,50000.0
50000.0,50000.0,50000.0,50000.0,50000.0,50000.0,50000.0,50000.0,50000.0,50000.0,50000.0,50000.0,50000.0,50000.0,50000.0,50000.0,50000.0,50000.0,50000.0,50000.0,50000.0,50000.0,50000.0,50000.0,50000.0,50000.0,50000.0,50000.0,50000.0,50000.0,50000.0,50000.0,50000.0,50000.0,50000.0
50000.0,50000.0,50000.0,50000.0,50000.0,50000.0,50000.0,50000.0,50000.0,50000.0,50000.0,50000.0,50000.0,50000.0,50000.0,50000.0,50000.0,50000.0,50000.0,50000.0,50000.0,50000.0,50000.0,50000.0,50000.0,50000.0,50000.0,50000.0,50000.0,50000.0,50000.0,50000.0,50000.0,50000.0,50000.0
50000.0,50000.0,50000.0,50000.0,50000.0,50000.0,50000.0,50000.0,50000.0,50000.0,50000.0,50000.0,50000.0,50000.0,50000.0,50000.0,50000.0,50000.0,50000.0,50000.0,50000.0,50000.0,50000.0,50000.0,50000.0,50000.0,50000.0,50000.0,50000.0,50000.0,50000.0,50000.0,50000.0,50000.0,50000.0
50000.0,50000.0,50000.0,50000.0,50000.0,50000.0,50000.0,50000.0,50000.0,50000.0,50000.0,50000.0,50000.0,50000.0,50000.0,50000.0,50000.0,50000.0,50000.0,50000.0,50000.0,50000.0,50000.0,50000.0,50000.0,50000.0,50000.0,50000.0,50000.0,50000.0,50000.0,50000.0,50000.0,50000.0,50000.0
50000.0,50000.0,50000.0,50000.0,50000.0,50000.0,50000.0,50000.0,50000.0,50000.0,50000.0,50000.0,50000.0,50000.0,50000.0,50000.0,50000.0,50000.0,50000.0,50000.0,50000.0,50000.0,50000.0,50000.0,50000.0,50000.0,50000.0,50000.0,50000.0,50000.0,50000.0,50000.0,50000.0,50000.0,50000.0
50000.0,50000.0,50000.0,50000.0,50000.0,50000.0,50000.0,50000.0,50000.0,50000.0,50000.0,50000.0,50000.0,50000.0,50000.0,50000.0,50000.0,50000.0,50000.0,50000.0,50000.0,50000.0,50000.0,50000.0,50000.0,50000.0,50000.0,50000.0,50000.0,50000.0,50000.0,50000.0,50000.0,50000.0,50000.0
303.483,225.422,200.765,206.161,225.114,227.706,50000.0,50000.0,50000.0,231.498,306.471,50000.0,50000.0,257.98,50000.0,227.114,50000.0,50000.0,1404.14,181.675,230.546,50000.0,208.469,219.398,219.114,50000.0,248.832,298.999,238.271,238.651,290.522,50000.0,302.631,50000.0,234.995
409.618,412.922,268.605,272.933,415.93,320.316,180.863,154.366,1251.37,279.597,1298.63,50000.0,50000.0,208.081,50000.0,171.951,307.163,108.879,526.421,338.053,281.646,1317.11,337.265,346.266,341.081,1250.25,1683.52,1439.24,300.955,1297.68,1505.39,190.504,209.129,50000.0,275.417
1069.7,554.371,606.094,565.187,555.571,1219.68,515.076,505.488,2094.24,422.298,1391.09,50000.0,50000.0,389.316,50000.0,876.531,765.564,369.335,1424.62,408.51,366.547,1087.24,454.976,479.918,452.376,2085.55,2174.56,3707.71,389.088,1394.99,2088.03,394.713,678.406,50000.0,392.389
634.516,267.909,367.251,242.583,267.409,563.531,295.558,327.945,349.03,168.871,1241.6,50000.0,50000.0,203.601,50000.0,455.016,470.609,432.471,1384.66,333.221,153.542,391.124,335.561,207.201,232.591,348.882,355.054,361.979,237.087,1235.85,1464.95,50000.0,691.499,50000.0,134.664
50000.0,50000.0,1594.13,50000.0,50000.0,896.396,50000.0,50000.0,2427.0,2572.24,50000.0,50000.0,50000.0,307.187,50000.0,1510.02,50000.0,50000.0,50000.0,50000.0,50000.0,50000.0,50000.0,50000.0,1223.48,2417.67,1578.32,4236.33,50000.0,50000.0,1401.13,50000.0,50000.0,50000.0,2020.71
146.897,148.697,545.214,112.191,148.353,77.9009,842.105,927.91,50000.0,43.4187,1040.1,50000.0,50000.0,88.6495,50000.0,93.3138,76.5728,153.17,50000.0,132.26,52.2193,342.961,150.053,70.8244,52.0953,50000.0,50000.0,50000.0,40.4145,1040.11,1415.75,165.398,167.266,50000.0,47.0989
240.387,274.329,2898.36,235.783,275.041,133.28,1006.44,1343.4,50000.0,78.7449,1140.72,50000.0,50000.0,146.185,50000.0,194.96,229.366,281.77,50000.0,281.214,81.3251,2208.33,249.308,170.187,226.29,50000.0,50000.0,50000.0,142.177,1141.55,1671.56,378.872,306.207,50000.0,113.027
50000.0,50000.0,50000.0,3977.98,50000.0,50000.0,1610.54,1772.93,50000.0,50000.0,4939.37,50000.0,50000.0,3087.21,50000.0,50000.0,50000.0,50000.0,50000.0,1404.82,4065.11,50000.0,1390.49,3545.43,3853.7,50000.0,50000.0,50000.0,3923.32,4947.85,50000.0,50000.0,1476.81,50000.0,2782.12
50000.0,50000.0,2799.31,50000.0,50000.0,50000.0,50000.0,50000.0,50000.0,50000.0,50000.0,50000.0,50000.0,50000.0,50000.0,1114.86,50000.0,50000.0,50000.0,50000.0,50000.0,732.962,50000.0,2505.22,272.429,50000.0,50000.0,50000.0,50000.0,50000.0,50000.0,50000.0,50000.0,50000.0,50000.0
3395.72,50000.0,3856.14,50000.0,50000.0,2379.75,2969.65,3389.63,50000.0,4238.6,50000.0,50000.0,50000.0,648.625,50000.0,1943.45,50000.0,50000.0,3839.74,2328.79,50000.0,50000.0,2326.75,50000.0,50000.0,50000.0,50000.0,50000.0,50000.0,50000.0,50000.0,50000.0,4373.39,50000.0,50000.0
2240.94,50000.0,3131.14,50000.0,50000.0,59.2157,50000.0,50000.0,50000.0,50000.0,50000.0,50000.0,50000.0,2394.14,50000.0,43.4787,50000.0,50000.0,50000.0,451.516,50000.0,50000.0,50000.0,50000.0,2088.52,50000.0,50000.0,4620.56,50000.0,50000.0,50000.0,50000.0,50000.0,50000.0,4509.75
50000.0,50000.0,2968.47,1942.92,50000.0,436.315,334.141,564.603,3714.33,50000.0,3551.89,50000.0,50000.0,1915.58,50000.0,654.197,50000.0,740.014,2370.72,4970.17,4210.38,694.599,4970.45,50000.0,50000.0,3698.1,3906.8,1214.32,2560.32,3551.07,50000.0,973.493,3039.56,50000.0,50000.0
3950.73,50000.0,4338.97,3851.94,50000.0,2355.22,2923.97,3051.89,4623.77,4197.85,50000.0,50000.0,50000.0,2090.51,50000.0,2120.91,50000.0,50000.0,4334.18,2577.92,50000.0,50000.0,2577.75,50000.0,50000.0,4611.5,50000.0,50000.0,50000.0,50000.0,50000.0,50000.0,4463.76,50000.0,50000.0
139.481,204.549,195.544,252.328,204.201,95.658,1731.99,1829.38,50000.0,150.833,1182.51,50000.0,50000.0,221.962,50000.0,185.032,1382.88,421.43,1111.71,255.384,147.241,373.403,255.604,116.079,142.609,50000.0,50000.0,50000.0,182.975,1183.05,2729.02,537.474,334.973,50000.0,188.356
50000.0,50000.0,50000.0,50000.0,50000.0,50000.0,50000.0,50000.0,50000.0,50000.0,50000.0,50000.0,50000.0,50000.0,50000.0,50000.0,50000.0,50000.0,50000.0,1629.43,50000.0,50000.0,1622.95,50000.0,50000.0,50000.0,50000.0,50000.0,50000.0,50000.0,50000.0,50000.0,3553.35,50000.0,3706.05
50000.0,50000.0,50000.0,50000.0,50000.0,50000.0,1919.34,1799.86,50000.0,50000.0,50000.0,50000.0,50000.0,50000.0,50000.0,50000.0,50000.0,50000.0,50000.0,1670.46,50000.0,50000.0,1298.58,50000.0,50000.0,50000.0,50000.0,50000.0,50000.0,50000.0,50000.0,50000.0,1704.92,50000.0,4145.81
273.473,127.568,88.0015,128.668,127.272,66.6602,589.045,612.134,143.749,105.407,1118.76,50000.0,50000.0,72.6165,50000.0,86.1694,155.77,116.907,407.261,383.72,127.028,307.735,329.237,98.2261,110.791,143.785,146.453,148.481,120.516,1119.95,1322.41,102.878,333.353,50000.0,137.361
50000.0,50000.0,50000.0,2637.72,50000.0,1997.35,2580.27,2983.67,50000.0,3192.97,50000.0,50000.0,50000.0,1644.33,50000.0,1912.88,50000.0,50000.0,2919.93,1869.77,50000.0,50000.0,1872.92,50000.0,50000.0,50000.0,50000.0,50000.0,4768.93,50000.0,50000.0,50000.0,3119.66,50000.0,50000.0
4843.24,50000.0,4175.47,381.26,50000.0,1094.29,348.154,887.88,50000.0,3153.11,50000.0,50000.0,50000.0,1185.43,50000.0,804.942,50000.0,50000.0,50000.0,2323.25,50000.0,50000.0,1968.19,50000.0,72.3525,50000.0,50000.0,65.9201,50000.0,50000.0,50000.0,50000.0,1154.76,50000.0,3.9482
1255.86,538.234,1333.96,882.375,536.862,1546.48,927.446,931.274,50000.0,690.879,1761.11,50000.0,50000.0,559.687,50000.0,1871.07,837.444,709.16,1614.8,600.706,870.69,748.935,633.552,736.21,740.526,50000.0,50000.0,50000.0,745.459,1741.28,1696.51,542.762,563.827,50000.0,428.851
50000.0,50000.0,50000.0,50000.0,50000.0,50000.0,2041.25,2229.17,50000.0,50000.0,50000.0,50000.0,50000.0,50000.0,50000.0,50000.0,50000.0,50000.0,50000.0,50000.0,50000.0,50000.0,50000.0,50000.0,50000.0,50000.0,50000.0,50000.0,50000.0,50000.0,50000.0,50000.0,50000.0,50000.0,50000.0
134.244,667.926,199.884,1269.53,666.322,1541.22,2872.04,3168.65,117.403,236.143,1443.55,50000.0,50000.0,50000.0,50000.0,50000.0,50000.0,50000.0,2599.04,321.236,304.199,4722.58,232.919,218.846,227.27,117.379,119.315,120.76,446.044,1448.01,1482.68,1671.21,879.855,50000.0,798.046
533.581,577.18,156.898,579.872,576.648,370.527,1141.23,475.754,1203.64,506.952,1316.53,50000.0,50000.0,275.497,50000.0,272.445,50000.0,492.863,1231.19,204.609,418.778,357.45,204.965,349.13,333.649,1203.79,671.922,2539.93,320.24,1319.57,2170.05,566.047,883.051,50000.0,648.865
1540.25,248.172,1100.18,119.767,245.107,1434.77,948.663,276.361,150.389,442.896,3144.04,50000.0,2351.69,61.9559,50000.0,761.168,50000.0,50000.0,2592.58,1208.75,48.639,1029.58,1208.59,623.535,50000.0,151.529,2210.93,1649.14,2156.27,3163.55,1700.41,50000.0,4149.98,50000.0,248.852
50000.0,50000.0,50000.0,50000.0,50000.0,50000.0,2810.39,2675.41,50000.0,50000.0,50000.0,50000.0,50000.0,50000.0,50000.0,50000.0,50000.0,50000.0,50000.0,2630.39,50000.0,50000.0,2639.26,50000.0,50000.0,50000.0,50000.0,50000.0,50000.0,50000.0,50000.0,50000.0,2722.14,50000.0,50000.0
50000.0,50000.0,50000.0,2278.96,50000.0,2926.68,1750.79,1640.29,50000.0,1679.67,2153.79,50000.0,50000.0,1838.93,50000.0,3052.3,50000.0,1104.97,50000.0,1401.09,1536.79,50000.0,1405.22,2058.67,2064.43,50000.0,50000.0,50000.0,1157.42,2160.51,50000.0,903.248,1409.33,50000.0,735.09
4574.51,2975.69,4401.66,1817.02,2986.89,225.302,50000.0,50000.0,50000.0,50000.0,50000.0,50000.0,50000.0,2935.06,50000.0,50000.0,50000.0,1125.05,2088.45,1504.03,50000.0,50000.0,1487.81,4808.54,1939.74,50000.0,2735.48,50000.0,50000.0,50000.0,50000.0,2313.86,50000.0,50000.0,50000.0
415.342,89.2816,272.741,711.677,88.8095,94.3659,596.469,560.355,50000.0,50.6192,1062.82,50000.0,50000.0,73.0766,50000.0,155.77,2757.51,128.172,1349.98,400.181,59.5117,798.75,399.057,66.8482,48.7911,50000.0,50000.0,50000.0,63.2279,1062.48,4860.29,186.356,366.303,50000.0,88.8095
95.518,411.73,285.478,295.302,413.262,79.949,179.059,195.348,50000.0,113.123,1088.09,50000.0,50000.0,67.9242,50000.0,85.5253,776.173,305.763,1172.86,3737.87,97.1621,445.936,414.778,121.892,108.783,50000.0,50000.0,50000.0,89.2296,1088.95,2269.77,320.552,374.707,50000.0,85.3893
103.502,410.034,353.694,316.184,409.202,80.197,179.543,199.132,50000.0,107.051,1081.88,50000.0,50000.0,75.4527,50000.0,88.3935,775.585,303.723,1192.22,3736.38,105.479,446.376,414.05,111.211,96.9941,50000.0,50000.0,50000.0,83.3852,1083.03,2404.03,366.915,374.883,50000.0,83.3172
127.004,37.4743,47.0869,50.4672,37.7064,46.9909,351.186,830.872,50000.0,35.4942,32.222,50000.0,50000.0,29.5778,50000.0,47.411,50000.0,50000.0,164.338,165.086,35.4982,45.9469,187.976,39.9305,39.0424,50000.0,34.0261,36.3423,31.742,31.81,27.7337,50000.0,169.531,50000.0,48.731
655.833,592.073,2903.24,467.305,596.013,50000.0,463.105,507.968,50000.0,288.862,1226.7,50000.0,50000.0,543.462,50000.0,50000.0,50000.0,403.029,50000.0,586.425,327.997,50000.0,590.277,547.27,591.217,50000.0,50000.0,50000.0,227.942,1245.68,1631.02,467.409,657.589,50000.0,274.557
1289.8,1153.73,1489.96,759.812,1155.85,4550.05,1572.41,1686.91,50000.0,434.963,1432.39,50000.0,50000.0,542.13,50000.0,50000.0,762.052,759.415,50000.0,1914.69,768.052,50000.0,1990.96,1082.84,812.007,50000.0,50000.0,50000.0,436.019,1433.69,2053.36,630.435,1670.9,50000.0,905.777
138.093,315.312,243.667,175.735,316.836,486.002,374.887,395.177,1727.04,69.4203,1069.88,50000.0,50000.0,70.0404,50000.0,805.39,192.124,313.84,1468.63,471.333,105.319,3286.49,472.866,97.4421,137.477,1724.0,2782.43,2185.16,70.8324,1070.23,1319.05,269.445,345.306,50000.0,105.847
667.658,802.958,190.684,802.87,803.618,198.244,487.25,466.261,4638.95,728.47,1033.41,50000.0,50000.0,408.017,50000.0,42.4707,50000.0,1147.29,555.263,466.333,52.7553,205.597,466.949,375.319,55.6155,4615.05,4675.91,50000.0,33.7821,1033.39,1294.84,457.401,64.9921,50000.0,574.444
374.847,1701.15,1215.64,1674.04,1701.53,895.332,1171.8,347.986,50000.0,151.561,2130.91,50000.0,50000.0,1801.74,50000.0,768.964,50000.0,1060.73,425.043,625.035,1958.47,770.76,624.127,486.506,1258.11,50000.0,50000.0,50000.0,1135.71,2133.62,3536.99,988.622,794.954,50000.0,1106.87
503.423,1018.22,439.971,637.552,1019.5,382.24,481.666,596.829,2174.88,316.268,1373.88,50000.0,50000.0,303.407,50000.0,320.496,50000.0,440.516,1366.7,200.413,307.975,526.533,280.918,273.217,243.811,2176.71,904.641,1794.98,375.735,1375.95,1352.44,562.591,212.957,50000.0,426.899
50000.0,50000.0,50000.0,50000.0,50000.0,50000.0,50000.0,3442.31,50000.0,50000.0,50000.0,50000.0,50000.0,50000.0,50000.0,50000.0,50000.0,50000.0,50000.0,50000.0,50000.0,50000.0,50000.0,50000.0,50000.0,50000.0,50000.0,50000.0,50000.0,50000.0,50000.0,50000.0,50000.0,50000.0,50000.0
51.4472,76.8408,67.8922,98.4261,76.9248,39.2064,680.783,640.176,2654.35,58.1516,1062.54,50000.0,50000.0,75.4927,50000.0,63.436,518.66,219.126,877.799,138.249,59.4997,129.336,137.745,48.375,58.9957,2652.99,3316.64,50000.0,62.8879,1062.93,1861.85,296.238,165.33,50000.0,86.3094
103.51,132.4,147.037,126.808,132.98,62.4199,635.292,610.998,50000.0,100.862,1112.73,50000.0,50000.0,157.158,50000.0,119.607,857.622,233.775,934.366,197.804,100.038,344.426,197.172,78.0809,95.598,50000.0,50000.0,50000.0,113.783,1112.89,2349.12,314.272,256.4,50000.0,168.687
50000.0,50000.0,50000.0,50000.0,50000.0,50000.0,3956.94,3494.29,50000.0,50000.0,50000.0,50000.0,50000.0,4802.65,50000.0,50000.0,50000.0,2067.82,50000.0,4915.96,4723.79,50000.0,4897.8,50000.0,50000.0,50000.0,50000.0,50000.0,50000.0,50000.0,50000.0,2445.88,50000.0,50000.0,4074.42
2002.9,50000.0,50000.0,50000.0,50000.0,1879.13,889.868,936.191,50000.0,2185.39,50000.0,50000.0,50000.0,1587.37,50000.0,2394.35,50000.0,738.254,50000.0,878.775,1574.74,50000.0,878.735,50000.0,50000.0,50000.0,50000.0,50000.0,50000.0,50000.0,50000.0,613.73,1049.09,50000.0,1118.19
945.299,50000.0,50000.0,567.539,50000.0,1617.61,724.669,757.455,50000.0,808.074,1352.06,50000.0,50000.0,447.424,50000.0,2543.64,50000.0,524.709,50000.0,621.519,434.231,50000.0,619.751,1566.39,509.512,50000.0,50000.0,50000.0,350.83,1351.39,3149.47,591.977,452.156,50000.0,337.297
233.767,462.917,197.732,204.673,463.385,185.052,217.29,217.062,1050.99,333.997,1334.2,50000.0,50000.0,234.523,50000.0,225.794,50000.0,168.303,1235.47,127.784,190.668,338.425,225.774,178.203,149.129,1050.47,819.655,619.199,335.889,1336.14,1971.4,172.619,261.36,50000.0,237.359
456.221,294.358,272.757,300.683,294.106,316.636,339.325,366.423,549.802,305.683,1309.51,50000.0,50000.0,341.509,50000.0,331.449,523.353,222.234,1138.12,258.756,297.947,906.145,234.755,246.335,249.812,548.334,639.216,583.732,310.367,1309.89,1888.11,226.406,367.907,50000.0,317.284
3088.38,3121.55,2645.87,2294.68,3084.88,2770.39,1040.47,935.595,2582.41,2533.36,3912.61,50000.0,50000.0,3609.47,50000.0,3097.21,4321.93,50000.0,2714.05,1486.77,4052.37,50000.0,1490.81,3242.31,2443.41,2562.29,3472.7,2317.16,2921.75,3920.5,4317.03,50000.0,1291.12,50000.0,4001.18
192.484,116.811,77.4808,104.155,116.207,66.0041,551.358,587.009,140.813,102.178,1093.85,50000.0,50000.0,80.713,50000.0,95.718,128.408,105.603,417.598,451.608,106.391,313.896,359.71,110.683,142.453,140.997,143.537,145.305,95.646,1095.03,1294.54,109.479,353.974,50000.0,127.752
400.329,92.0537,57.5036,126.864,91.8417,142.465,2437.91,3446.43,197.536,73.6206,1085.44,50000.0,50000.0,62.8039,50000.0,168.335,233.759,277.625,1135.39,563.623,88.5935,236.495,729.906,81.6611,51.4792,197.988,165.258,187.584,85.1653,1084.85,1429.27,351.99,330.925,50000.0,108.163
4488.57,4413.89,4568.87,50000.0,4417.53,3156.11,2248.63,2308.58,50000.0,4753.47,50000.0,50000.0,50000.0,2459.57,50000.0,1322.23,50000.0,1622.0,50000.0,3327.21,4327.53,50000.0,3074.8,4360.16,2730.44,50000.0,50000.0,50000.0,4064.95,50000.0,50000.0,1021.43,2304.13,50000.0,4216.45
481.99,1647.89,433.439,913.937,1651.81,398.817,511.38,571.008,1148.38,496.323,1522.53,50000.0,50000.0,378.136,50000.0,519.841,817.211,442.22,1561.49,306.883,540.406,463.885,305.331,366.963,284.458,1146.04,1304.69,2071.4,522.225,1523.82,2148.69,593.037,341.169,50000.0,464.389
1143.04,4197.09,1322.52,3073.48,4209.64,1754.1,1078.9,878.891,50000.0,1696.8,3752.37,50000.0,50000.0,2515.59,50000.0,1735.09,50000.0,864.686,4203.25,894.5,2021.06,1670.33,900.032,2255.91,1469.42,50000.0,50000.0,50000.0,2678.97,3684.06,4136.67,1012.46,927.958,50000.0,3399.47
3370.83,2640.03,2458.85,1926.28,2652.57,2739.5,1996.39,1283.5,50000.0,1431.99,3335.25,50000.0,50000.0,3125.21,50000.0,3335.97,3307.84,1545.23,4859.83,2027.32,1864.03,3570.6,1811.48,2187.63,1491.23,50000.0,50000.0,50000.0,2338.8,3404.58,50000.0,1425.84,2784.66,50000.0,3036.03
321.444,540.23,295.594,530.001,542.35,139.989,175.519,230.998,873.483,167.927,1244.95,50000.0,50000.0,174.291,50000.0,327.82,790.725,205.737,1107.04,239.199,166.086,337.745,251.924,455.496,191.224,876.863,2403.53,2535.35,245.575,1245.25,1705.57,240.215,215.753,50000.0,431.919
3025.14,50000.0,4187.82,50000.0,50000.0,1905.61,2152.57,1686.92,3029.66,3229.92,4936.14,50000.0,50000.0,606.094,50000.0,1766.51,4021.37,50000.0,3291.04,1796.26,50000.0,50000.0,1796.57,3775.06,4183.23,3028.57,4806.51,4538.15,3951.79,4958.39,50000.0,50000.0,3156.89,50000.0,50000.0
291.21,127.052,189.648,76.3328,126.932,254.28,368.499,250.52,707.48,198.7,1174.89,50000.0,50000.0,172.935,50000.0,32.554,50000.0,244.531,624.403,51.9192,184.796,398.993,52.2033,6.7124,34.9022,710.784,2227.28,28.3258,174.911,1175.13,1564.86,144.029,293.654,50000.0,120.408
50000.0,50000.0,50000.0,50000.0,50000.0,4519.07,1991.9,50000.0,50000.0,50000.0,50000.0,50000.0,50000.0,50000.0,50000.0,50000.0,50000.0,50000.0,50000.0,50000.0,50000.0,50000.0,50000.0,50000.0,50000.0,50000.0,50000.0,50000.0,50000.0,50000.0,50000.0,50000.0,50000.0,50000.0,50000.0
768.648,210.905,224.47,230.158,210.973,96.9581,548.63,720.373,1504.99,251.64,1178.61,50000.0,50000.0,446.196,50000.0,85.9654,238.227,788.397,1158.03,879.883,267.617,2246.1,1363.33,330.809,191.352,1499.31,1039.85,1293.74,180.735,1180.45,1459.8,1303.25,1175.71,50000.0,240.983
1636.37,814.223,336.193,643.336,812.859,257.916,494.439,488.07,600.302,500.147,1373.42,50000.0,50000.0,377.24,50000.0,271.493,661.105,1429.91,480.486,473.462,512.82,831.576,471.95,494.403,1139.78,598.825,904.773,1016.92,375.707,1374.23,1905.49,1557.93,626.139,50000.0,568.439
198.54,203.573,359.486,137.453,204.405,167.446,432.403,631.327,50000.0,201.165,1181.95,50000.0,50000.0,93.3978,50000.0,161.638,4389.11,760.892,1999.04,50000.0,231.51,3089.4,50000.0,251.664,201.189,50000.0,50000.0,50000.0,183.015,1182.28,3990.4,693.975,50000.0,50000.0,220.022
50000.0,50000.0,50000.0,50000.0,50000.0,3737.98,2919.77,2957.13,4455.63,50000.0,50000.0,50000.0,50000.0,934.334,50000.0,4057.09,50000.0,50000.0,50000.0,3590.5,50000.0,50000.0,3564.75,50000.0,50000.0,4449.05,4234.24,4384.31,50000.0,50000.0,50000.0,50000.0,50000.0,50000.0,50000.0
867.034,447.804,1677.26,429.031,446.964,711.328,4458.41,3095.45,50000.0,453.904,1276.46,50000.0,50000.0,249.52,50000.0,1039.58,754.939,4126.19,1363.59,0.572,276.985,50000.0,0.66,488.091,589.613,50000.0,50000.0,50000.0,280.106,1278.39,2606.2,997.842,1.5081,50000.0,299.271
902.7,836.452,1408.66,1791.15,833.848,50000.0,3432.9,4524.86,50000.0,325.496,2029.77,50000.0,50000.0,50000.0,50000.0,50000.0,50000.0,50000.0,2731.89,50000.0,563.327,50000.0,50000.0,339.989,236.347,50000.0,50000.0,50000.0,1037.25,2036.45,2005.37,50000.0,1146.06,50000.0,865.09
50000.0,50000.0,50000.0,50000.0,50000.0,50000.0,50000.0,50000.0,50000.0,50000.0,50000.0,50000.0,50000.0,50000.0,50000.0,50000.0,50000.0,50000.0,50000.0,50000.0,50000.0,50000.0,50000.0,50000.0,50000.0,50000.0,50000.0,50000.0,50000.0,50000.0,50000.0,50000.0,50000.0,50000.0,50000.0
728.638,682.043,2071.35,1380.3,681.699,50000.0,1747.13,50000.0,1929.23,219.882,1262.21,50000.0,50000.0,50000.0,50000.0,50000.0,50000.0,50000.0,3378.3,50000.0,329.709,50000.0,3465.09,432.063,494.135,1923.08,1937.64,1943.87,264.745,1264.32,2652.48,50000.0,1788.08,50000.0,1100.67
102.318,167.018,82.5452,377.96,167.75,351.234,1415.18,1590.52,90.9217,92.4018,1195.31,50000.0,50000.0,1326.92,50000.0,609.666,50000.0,811.107,1468.79,220.954,89.7696,561.623,127.908,73.0726,72.9446,90.7457,92.1138,92.9898,197.896,1196.89,1393.78,470.945,225.646,50000.0,200.637
282.546,531.209,3166.35,1040.91,530.485,1555.41,1221.99,2761.42,50000.0,122.684,1545.11,50000.0,50000.0,50000.0,50000.0,50000.0,50000.0,1781.76,2558.36,50000.0,235.363,1889.51,897.98,177.363,186.204,50000.0,50000.0,50000.0,551.578,1549.57,1928.44,50000.0,1449.16,50000.0,728.258
50000.0,50000.0,50000.0,50000.0,50000.0,1146.47,50000.0,50000.0,2179.31,50000.0,50000.0,50000.0,50000.0,50000.0,50000.0,2539.72,50000.0,50000.0,50000.0,50000.0,50000.0,50000.0,50000.0,50000.0,50000.0,2183.69,2193.89,2186.85,50000.0,50000.0,50000.0,50000.0,50000.0,50000.0,50000.0
764.432,280.01,1502.01,973.569,279.253,4158.37,3028.98,2196.23,50000.0,154.758,1756.33,50000.0,50000.0,50000.0,50000.0,4631.56,50000.0,50000.0,2661.91,50000.0,228.082,2276.97,1242.74,232.006,251.964,50000.0,50000.0,50000.0,766.22,1762.55,1619.51,50000.0,1602.41,50000.0,699.688
50000.0,50000.0,1220.6,209.785,50000.0,50000.0,50000.0,50000.0,4551.36,50000.0,50000.0,50000.0,50000.0,50000.0,50000.0,50000.0,50000.0,50000.0,50000.0,2645.42,50000.0,50000.0,50000.0,50000.0,50000.0,4563.07,4572.6,4557.55,50000.0,50000.0,50000.0,50000.0,50000.0,50000.0,50000.0
1256.55,50000.0,50000.0,50000.0,50000.0,2371.87,50000.0,50000.0,50000.0,50000.0,50000.0,50000.0,50000.0,2864.68,50000.0,50000.0,50000.0,50000.0,50000.0,3114.91,50000.0,4231.55,50000.0,50000.0,50000.0,50000.0,50000.0,50000.0,50000.0,50000.0,50000.0,50000.0,50000.0,50000.0,50000.0
691.483,629.099,449.716,1212.45,628.347,4499.76,3290.0,3765.87,50000.0,182.819,1679.66,50000.0,50000.0,50000.0,50000.0,50000.0,50000.0,957.856,2522.85,50000.0,265.285,2691.15,1397.72,130.008,136.345,50000.0,50000.0,50000.0,687.971,1684.75,1497.78,50000.0,1907.89,50000.0,740.206
50000.0,50000.0,1370.98,2900.94,50000.0,3306.94,50000.0,50000.0,50000.0,50000.0,50000.0,50000.0,50000.0,50000.0,50000.0,50000.0,50000.0,50000.0,50000.0,446.996,50000.0,1104.9,1902.26,50000.0,50000.0,50000.0,50000.0,50000.0,50000.0,50000.0,50000.0,50000.0,50000.0,50000.0,50000.0
716.269,1712.84,2027.04,1530.3,1720.3,50000.0,2840.91,4780.98,3096.03,249.752,1837.84,50000.0,50000.0,50000.0,50000.0,50000.0,50000.0,50000.0,2622.48,50000.0,539.774,50000.0,4660.99,389.492,939.211,3090.04,3107.57,3100.75,849.613,1847.0,2970.47,50000.0,2150.56,50000.0,416.482
53.7074,157.694,77.1488,24.9056,157.278,432.335,50000.0,50000.0,50000.0,17.8411,1115.51,50000.0,50000.0,414.47,50000.0,8.8246,50000.0,128.96,424.507,49.1991,43.0747,112.775,48.9751,28.8098,147.885,50000.0,50000.0,50000.0,115.343,1115.12,2573.06,65.4321,59.3317,50000.0,86.2374
529.581,960.588,190.0,441.924,956.368,50000.0,50000.0,50000.0,2052.13,660.749,2282.81,50000.0,50000.0,1740.2,50000.0,50000.0,50000.0,270.429,1169.15,157.266,755.235,1891.84,155.978,518.388,258.148,2049.36,1715.84,50000.0,1286.97,2282.78,2488.93,139.357,419.33,50000.0,141.929
50000.0,50000.0,50000.0,50000.0,50000.0,50000.0,50000.0,50000.0,50000.0,50000.0,50000.0,50000.0,50000.0,50000.0,50000.0,50000.0,50000.0,50000.0,50000.0,50000.0,50000.0,50000.0,50000.0,50000.0,50000.0,50000.0,50000.0,50000.0,50000.0,50000.0,50000.0,50000.0,50000.0,50000.0,50000.0
50000.0,50000.0,50000.0,50000.0,50000.0,50000.0,50000.0,50000.0,50000.0,50000.0,50000.0,50000.0,50000.0,50000.0,50000.0,50000.0,50000.0,50000.0,50000.0,50000.0,50000.0,50000.0,50000.0,50000.0,50000.0,50000.0,50000.0,50000.0,50000.0,50000.0,50000.0,50000.0,50000.0,50000.0,50000.0
114.683,619.355,164.618,217.058,617.819,41.9706,50000.0,50000.0,50000.0,272.605,1316.14,50000.0,50000.0,567.672,50000.0,309.903,50000.0,336.773,560.263,364.335,483.306,167.138,364.171,86.6254,296.535,50000.0,50000.0,50000.0,318.916,1318.78,3263.96,408.418,296.211,50000.0,652.061
175.123,188.664,19.8052,177.243,188.84,320.34,50000.0,50000.0,1902.95,181.763,1139.43,50000.0,50000.0,291.662,50000.0,361.855,50000.0,194.852,630.163,175.083,178.895,381.508,175.399,218.874,187.752,1901.15,1429.13,50000.0,140.733,1140.77,1959.53,177.527,346.138,50000.0,456.973
152.302,131.028,40.0665,263.2,130.092,37.0823,60.0558,88.6295,50000.0,122.156,1092.41,50000.0,50000.0,581.428,50000.0,53.1113,50000.0,73.6326,642.604,418.106,78.9329,80.257,418.502,218.022,69.5323,50000.0,50000.0,50000.0,92.5978,1092.15,1529.88,131.076,143.737,50000.0,42.5787
95.0459,366.571,114.403,232.755,365.303,160.986,50000.0,50000.0,50000.0,155.606,1115.63,50000.0,50000.0,429.855,50000.0,170.751,50000.0,70.2844,664.674,69.6364,159.602,197.26,69.5964,103.078,81.3211,50000.0,4279.59,50000.0,116.559,1115.8,2142.37,174.339,62.4519,50000.0,178.995
219.342,201.657,238.043,343.185,201.529,1643.81,582.268,608.638,2336.97,117.875,1107.26,50000.0,50000.0,128.256,50000.0,1671.93,276.285,1436.95,1433.25,750.779,158.61,1730.81,752.739,112.403,135.14,2330.72,4396.8,4389.03,108.063,1107.91,1409.47,1347.67,584.597,50000.0,131.232
131.608,322.42,160.946,218.034,322.096,101.194,3134.34,3009.96,50000.0,175.891,1208.79,50000.0,50000.0,299.643,50000.0,143.837,163.202,297.359,617.871,261.348,186.472,277.281,260.52,176.831,188.436,50000.0,50000.0,50000.0,210.689,1209.96,1437.68,393.929,352.182,50000.0,259.688
204.317,404.829,181.423,274.229,404.865,136.321,50000.0,50000.0,50000.0,249.252,1256.65,50000.0,50000.0,436.111,50000.0,158.342,296.643,526.749,850.665,377.976,211.061,330.437,378.708,225.474,228.462,50000.0,50000.0,50000.0,259.408,1258.48,1665.19,430.727,435.183,50000.0,408.614
223.074,475.362,218.966,387.096,474.194,134.384,4988.83,50000.0,50000.0,243.855,1264.98,50000.0,50000.0,355.918,50000.0,175.803,211.701,517.032,612.038,360.211,214.413,370.831,357.758,219.818,221.622,50000.0,50000.0,50000.0,266.253,1266.49,1517.57,413.638,442.796,50000.0,391.993
2629.1,50000.0,526.445,666.414,50000.0,261.428,50000.0,50000.0,50000.0,50000.0,50000.0,50000.0,50000.0,50000.0,50000.0,218.406,50000.0,4307.23,50000.0,1714.26,2645.21,720.573,1713.32,50000.0,1984.63,50000.0,50000.0,50000.0,50000.0,50000.0,50000.0,50000.0,2530.73,50000.0,50000.0
50000.0,50000.0,50000.0,50000.0,50000.0,50000.0,50000.0,50000.0,50000.0,50000.0,50000.0,50000.0,50000.0,50000.0,50000.0,4896.48,50000.0,267.901,50000.0,2695.86,50000.0,50000.0,50000.0,50000.0,50000.0,50000.0,50000.0,50000.0,50000.0,50000.0,50000.0,50000.0,50000.0,50000.0,50000.0
50000.0,50000.0,50000.0,50000.0,50000.0,3371.31,50000.0,50000.0,3474.04,50000.0,50000.0,50000.0,50000.0,50000.0,50000.0,50000.0,50000.0,50000.0,50000.0,50000.0,50000.0,50000.0,50000.0,50000.0,50000.0,3458.26,3484.46,3473.68,50000.0,50000.0,50000.0,50000.0,50000.0,50000.0,50000.0
1924.67,1479.5,917.345,1239.35,1475.15,990.678,50000.0,50000.0,3186.12,1411.1,2027.48,50000.0,50000.0,952.207,50000.0,1076.92,1001.5,1684.7,1938.15,1306.01,1292.34,2392.38,1304.53,1261.5,1261.45,3184.3,50000.0,50000.0,1033.3,2032.34,1967.37,1690.65,1282.04,50000.0,1658.55
746.007,2346.83,2000.51,1583.6,2348.24,50000.0,50000.0,3375.46,50000.0,678.634,2515.25,50000.0,50000.0,50000.0,50000.0,50000.0,50000.0,50000.0,2395.07,50000.0,383.32,50000.0,2352.86,296.699,532.629,50000.0,50000.0,50000.0,1533.11,2528.55,2558.48,50000.0,2574.58,50000.0,897.204
1415.4,3032.05,482.686,347.854,3028.53,782.497,260.052,272.993,50000.0,427.043,1214.98,50000.0,50000.0,138.573,50000.0,2170.02,3968.69,287.99,50000.0,294.546,192.664,50000.0,294.606,565.883,4031.92,50000.0,50000.0,50000.0,213.101,1212.48,4838.55,314.984,304.143,50000.0,236.251
1665.78,3141.05,50000.0,511.436,3128.15,1373.89,464.217,594.357,50000.0,279.521,4168.12,50000.0,50000.0,252.724,50000.0,2426.33,937.759,404.853,50000.0,353.426,295.686,50000.0,454.084,554.471,2053.2,50000.0,50000.0,50000.0,3175.49,4155.39,50000.0,397.693,340.085,50000.0,244.487
42.6027,33.0221,36.5383,38.5304,32.9581,130.148,50000.0,50000.0,4649.27,27.9177,1031.34,50000.0,50000.0,47.0709,50000.0,18.6612,50000.0,78.1489,542.626,119.339,24.4015,162.322,119.427,14.6769,19.7132,4619.83,50000.0,50000.0,31.63,1031.44,1361.96,99.2262,72.8205,50000.0,19.9892
218.586,411.49,62.3839,151.145,409.942,353.998,50000.0,50000.0,2191.29,306.823,1085.24,50000.0,50000.0,263.348,50000.0,350.158,50000.0,170.251,606.574,328.549,154.322,592.493,326.744,271.633,145.385,2188.75,50000.0,50000.0,86.1894,1085.89,2154.47,127.364,196.404,50000.0,433.951
110.575,110.515,32.53,359.634,110.515,325.012,66.6642,689.367,2383.49,101.574,1124.68,50000.0,50000.0,63.256,50000.0,55.7515,50000.0,138.517,799.086,1008.27,35.9422,263.272,1004.29,40.3945,120.872,2380.5,50000.0,50000.0,125.652,1125.08,1400.94,145.029,329.465,50000.0,60.2518
869.822,500.555,4236.2,560.239,469.937,993.23,50000.0,50000.0,50000.0,498.331,1341.35,50000.0,50000.0,255.052,50000.0,1573.16,704.576,50000.0,1394.76,50000.0,430.659,50000.0,50000.0,606.522,539.73,50000.0,50000.0,50000.0,345.478,1343.97,2589.03,50000.0,50000.0,50000.0,295.33
613.846,491.191,295.83,457.849,493.219,267.173,1569.43,2018.52,1149.1,363.703,1367.48,50000.0,50000.0,370.211,50000.0,325.516,458.097,721.205,1286.68,1221.87,408.766,729.994,1226.6,403.925,405.393,1142.29,1143.96,1143.23,368.615,1367.23,1454.85,762.64,1773.13,50000.0,476.57
1017.4,557.495,3281.93,594.097,556.907,970.809,3870.37,3904.86,50000.0,493.527,1328.6,50000.0,50000.0,272.681,50000.0,1960.29,1157.08,50000.0,1698.05,4836.2,414.018,50000.0,50000.0,561.003,587.849,50000.0,50000.0,50000.0,341.377,1330.48,2930.85,50000.0,50000.0,50000.0,292.758
384.664,350.286,262.08,200.305,349.146,200.629,604.114,613.366,2349.67,201.433,1133.09,50000.0,50000.0,125.124,50000.0,261.36,264.745,790.421,747.859,684.607,114.687,1442.04,684.455,132.196,195.44,2342.24,2603.68,50000.0,134.332,1134.08,1409.97,1057.91,569.856,50000.0,224.694
1103.38,476.17,2055.56,527.189,475.226,725.993,3782.65,3726.61,50000.0,435.063,1307.42,50000.0,50000.0,268.689,50000.0,1063.9,877.007,50000.0,1155.2,4553.05,369.339,50000.0,4610.62,633.9,573.82,50000.0,50000.0,50000.0,310.019,1309.85,2918.11,847.445,50000.0,50000.0,301.743
645.904,883.359,543.098,725.313,878.783,1424.79,50000.0,50000.0,1857.23,690.119,1375.76,50000.0,50000.0,958.044,50000.0,1452.09,50000.0,1435.99,1005.35,584.701,679.01,1559.6,584.753,547.086,859.63,1848.49,347.034,2021.68,375.884,1375.8,3928.15,2669.41,2030.27,50000.0,607.446
656.385,1901.09,402.165,773.916,1888.27,470.837,50000.0,50000.0,2037.35,1765.24,2082.05,50000.0,50000.0,795.166,50000.0,492.743,50000.0,1213.45,2940.34,1822.55,1020.23,417.93,1817.92,1284.63,1716.44,2039.16,2556.42,554.811,1091.24,2089.17,2325.67,331.573,4325.0,50000.0,1092.3
2922.92,124.872,50000.0,13.4208,125.28,2324.29,50000.0,50000.0,50000.0,174.939,1051.47,50000.0,50000.0,1880.03,50000.0,4686.23,391.012,38.0584,50000.0,50000.0,78.7129,50000.0,4.0122,151.601,168.102,50000.0,50000.0,50000.0,52.2033,1051.91,50000.0,89.0096,4.1283,50000.0,51.0392
50000.0,50000.0,50000.0,4410.62,50000.0,90.7497,50000.0,50000.0,50000.0,50000.0,50000.0,50000.0,50000.0,2558.45,50000.0,50000.0,50000.0,50000.0,50000.0,1458.24,50000.0,50000.0,50000.0,50000.0,50000.0,50000.0,50000.0,50000.0,50000.0,50000.0,50000.0,50000.0,393.289,50000.0,50000.0
367.259,383.648,247.655,372.875,381.92,228.862,2366.71,2673.2,1044.35,310.143,1262.0,50000.0,50000.0,282.914,50000.0,271.429,278.425,906.509,1231.93,701.192,336.153,467.357,700.016,272.101,273.061,1046.49,1414.79,1408.96,262.572,1261.53,1392.5,901.648,667.958,50000.0,385.932
50000.0,1714.16,1590.08,3253.93,1714.17,1086.41,2432.95,2398.29,3195.64,522.685,1568.38,50000.0,50000.0,365.607,50000.0,1144.32,50000.0,433.079,2043.45,2097.69,697.816,50000.0,1002.17,834.432,389.572,3277.7,50000.0,50000.0,567.487,1805.9,50000.0,2002.9,4389.87,50000.0,329.645
1301.2,554.999,649.049,806.822,555.579,421.854,1307.61,1320.51,1314.31,692.155,1971.48,50000.0,50000.0,1180.06,50000.0,446.956,50000.0,850.849,1465.04,1390.53,769.888,2795.72,1507.81,823.764,823.912,1317.85,1424.04,1452.79,967.937,1969.28,1944.97,1100.0,1208.03,50000.0,589.421
667.618,266.109,288.422,1378.18,266.381,767.052,157.77,140.837,50000.0,213.525,1196.91,50000.0,50000.0,255.808,50000.0,619.851,690.875,234.131,50000.0,186.736,153.53,50000.0,186.008,1189.31,1224.22,50000.0,50000.0,50000.0,193.708,1193.49,2302.24,228.974,160.238,50000.0,109.831
109.091,207.117,503.011,143.237,207.045,1566.15,181.911,166.358,50000.0,87.5175,1098.32,50000.0,50000.0,110.075,50000.0,4306.32,50000.0,168.062,4028.44,183.968,98.4021,50000.0,184.424,214.309,207.617,50000.0,50000.0,4453.78,99.0102,1098.95,1370.05,174.115,166.094,50000.0,63.0399
50000.0,50000.0,50000.0,2485.86,50000.0,4905.54,50000.0,50000.0,4817.28,50000.0,50000.0,50000.0,50000.0,50000.0,50000.0,50000.0,50000.0,50000.0,50000.0,50000.0,50000.0,50000.0,50000.0,50000.0,50000.0,4776.16,4815.21,4786.32,50000.0,50000.0,50000.0,167.262,50000.0,50000.0,50000.0
1528.44,752.211,487.286,1313.52,753.399,428.603,2066.06,3110.95,1102.42,848.105,2133.66,50000.0,50000.0,1125.29,50000.0,900.092,50000.0,859.918,1666.36,2318.56,983.453,2720.82,1681.37,1127.37,1122.24,1106.53,50000.0,50000.0,1128.61,2128.99,1954.11,1044.58,2808.89,50000.0,776.845
2597.79,1041.73,50000.0,1005.04,1041.29,50000.0,1047.74,1283.18,50000.0,653.129,1609.42,50000.0,50000.0,1395.96,50000.0,50000.0,1038.27,879.571,50000.0,1398.06,885.623,50000.0,1322.07,1185.17,1187.69,50000.0,50000.0,50000.0,604.554,1604.1,2366.7,929.986,2044.29,50000.0,694.831
3693.17,1751.73,50000.0,1736.98,1747.43,50000.0,2076.64,1930.94,50000.0,1668.65,2177.91,1133.53,50000.0,1837.63,50000.0,50000.0,50000.0,1167.5,50000.0,2076.48,1596.57,50000.0,1914.29,2406.21,2412.42,50000.0,50000.0,50000.0,1182.34,2184.83,2685.74,1300.13,2191.5,50000.0,1131.24
50000.0,2073.82,50000.0,2534.72,2075.24,50000.0,2511.48,2583.71,50000.0,2510.37,2949.12,1984.09,50000.0,2871.79,50000.0,50000.0,2266.25,2027.61,50000.0,3309.33,3010.45,50000.0,3376.01,3326.88,3332.28,50000.0,50000.0,50000.0,1951.67,2944.84,3578.14,1731.96,3456.1,50000.0,1521.15
688.519,121.368,160.322,171.339,121.976,668.194,1928.6,713.361,232.099,46.4949,1219.23,50000.0,1291.58,152.83,50000.0,994.326,50000.0,312.392,1303.1,72.1565,133.892,26.6817,784.037,175.923,108.571,232.507,237.623,72.7205,209.729,1210.72,1683.72,328.024,537.622,50000.0,148.005
45.7669,54.3594,24.5335,53.5993,54.2514,20.1893,50000.0,50000.0,50000.0,24.7495,1033.02,50000.0,50000.0,67.9802,50000.0,30.9419,50000.0,75.6527,566.063,123.248,30.6539,66.1401,122.712,23.8575,20.5093,50000.0,50000.0,50000.0,33.2981,1033.13,1368.37,92.8378,120.436,50000.0,39.3065
2576.48,1136.35,1134.37,1313.84,1143.47,385.744,50000.0,50000.0,822.495,913.881,1370.2,50000.0,50000.0,1738.98,50000.0,3004.66,50000.0,2405.83,1731.75,3078.2,1043.33,1351.42,3083.83,944.971,942.907,821.867,1010.04,913.913,369.399,1367.46,2852.48,2362.11,3479.32,50000.0,1279.66
4926.38,2364.08,860.518,965.052,2378.14,829.632,719.637,863.998,933.634,620.387,1759.07,50000.0,50000.0,1253.62,50000.0,861.462,907.197,1570.87,4717.47,1467.56,683.775,4268.34,1812.33,814.971,606.278,933.478,1073.81,985.898,757.963,1805.85,2228.32,903.62,1304.45,50000.0,1334.33
2008.31,1465.22,933.798,1008.41,1461.7,930.43,1006.48,903.917,3396.47,792.778,1894.11,50000.0,50000.0,728.494,50000.0,916.041,1496.72,919.245,50000.0,1243.37,906.209,3164.19,1467.96,751.343,841.657,3417.31,3561.97,3760.68,892.964,1889.15,2958.42,1387.47,1167.09,50000.0,1051.47
4846.67,1308.22,696.572,1374.45,1313.88,993.022,4408.98,3806.44,1193.75,1345.19,2894.94,50000.0,50000.0,1938.02,50000.0,1180.95,50000.0,973.185,1944.88,2331.15,1136.97,1423.88,3135.37,1388.6,1196.03,1197.46,1725.58,1487.79,1890.59,2891.01,2750.53,1819.01,4225.16,50000.0,1952.36
434.819,661.533,50000.0,2385.72,661.505,50000.0,50000.0,50000.0,50000.0,345.086,50000.0,3420.77,50000.0,372.703,2431.5,50000.0,3437.5,50000.0,50000.0,50000.0,384.196,50000.0,322.052,378.72,565.431,50000.0,50000.0,50000.0,50000.0,50000.0,2488.06,50000.0,422.186,50000.0,601.618
135.132,281.85,158.594,262.604,282.062,65.8681,209.429,386.788,50000.0,212.597,1217.76,430.567,50000.0,115.403,37.1463,142.777,242.555,371.779,504.764,1577.44,179.631,665.846,234.447,111.815,202.477,50000.0,50000.0,50000.0,219.598,1219.96,1922.17,346.05,391.608,50000.0,286.034
141.761,274.269,165.37,532.809,273.789,102.758,206.245,237.671,50000.0,110.783,1115.73,341.573,50000.0,135.18,40.8986,76.3888,454.596,1037.62,514.652,1118.77,104.491,1030.85,522.013,91.5297,146.213,50000.0,50000.0,50000.0,116.919,1116.92,1596.04,263.58,535.441,50000.0,194.564
50000.0,50000.0,50000.0,50000.0,50000.0,50000.0,4919.86,4104.41,50000.0,50000.0,50000.0,50000.0,50000.0,50000.0,50000.0,50000.0,50000.0,50000.0,50000.0,3637.67,50000.0,50000.0,3211.91,50000.0,50000.0,50000.0,50000.0,50000.0,50000.0,50000.0,50000.0,50000.0,3257.09,50000.0,50000.0
50000.0,50000.0,50000.0,50000.0,50000.0,50000.0,3540.33,3183.85,50000.0,50000.0,50000.0,50000.0,50000.0,50000.0,50000.0,50000.0,50000.0,50000.0,50000.0,2799.92,50000.0,50000.0,2680.35,50000.0,50000.0,50000.0,50000.0,50000.0,50000.0,50000.0,50000.0,50000.0,3313.58,50000.0,50000.0
50000.0,50000.0,50000.0,50000.0,50000.0,50000.0,3351.84,4104.87,50000.0,50000.0,50000.0,50000.0,50000.0,50000.0,50000.0,50000.0,50000.0,50000.0,50000.0,3177.68,50000.0,50000.0,3025.22,50000.0,50000.0,50000.0,50000.0,50000.0,50000.0,50000.0,50000.0,50000.0,3659.22,50000.0,50000.0
122.716,318.428,390.728,469.925,319.056,504.111,759.131,1548.73,155.706,70.3124,1256.87,50000.0,50000.0,1965.72,50000.0,1017.07,50000.0,4772.82,1510.12,1068.28,154.642,589.397,354.654,66.1401,80.457,156.014,157.71,159.318,260.564,1259.28,1397.89,785.613,501.415,50000.0,370.099
50000.0,50000.0,50000.0,4686.01,50000.0,50000.0,50000.0,50000.0,50000.0,50000.0,4342.02,50000.0,50000.0,3240.17,50000.0,50000.0,50000.0,50000.0,50000.0,3709.91,50000.0,50000.0,3706.11,50000.0,50000.0,50000.0,50000.0,50000.0,3366.71,4349.35,50000.0,50000.0,50000.0,50000.0,4723.57
50000.0,4232.33,50000.0,3445.3,4240.88,50000.0,2509.27,2146.25,50000.0,3970.62,3576.99,50000.0,50000.0,3009.98,50000.0,4524.89,50000.0,50000.0,50000.0,1249.87,2828.59,50000.0,1173.07,2942.87,3221.58,50000.0,50000.0,50000.0,2587.23,3580.58,50000.0,50000.0,1180.43,50000.0,2530.39
4356.4,4361.42,50000.0,3825.82,4371.15,50000.0,1642.63,1776.96,50000.0,2983.86,3983.19,50000.0,50000.0,2709.67,50000.0,50000.0,50000.0,50000.0,50000.0,1271.51,3094.19,50000.0,1329.86,2580.74,3076.21,50000.0,50000.0,50000.0,2995.04,4002.16,50000.0,50000.0,1169.77,50000.0,2186.54
297.011,269.821,48.127,250.96,269.813,44.3068,662.777,374.291,1092.36,24.2335,1020.15,50000.0,50000.0,191.984,50000.0,43.9547,50000.0,664.77,3641.95,63.82,24.4255,15.657,75.9447,19.2492,18.9972,1093.57,1092.91,1089.87,19.3292,26.3656,25.0896,564.487,83.0812,50000.0,56.4275
50000.0,50000.0,50000.0,50000.0,50000.0,50000.0,2855.34,2546.9,50000.0,50000.0,50000.0,50000.0,50000.0,50000.0,50000.0,50000.0,50000.0,50000.0,50000.0,1727.82,50000.0,50000.0,1910.64,50000.0,50000.0,50000.0,50000.0,50000.0,50000.0,50000.0,50000.0,50000.0,1816.04,50000.0,3801.98
723.953,1035.0,2778.73,1786.57,1031.01,50000.0,50000.0,4939.2,50000.0,443.816,1649.38,50000.0,50000.0,4440.74,50000.0,50000.0,50000.0,50000.0,2624.22,50000.0,250.48,50000.0,1305.39,648.753,399.481,50000.0,50000.0,50000.0,654.065,1654.61,2220.8,50000.0,4863.02,50000.0,824.072
50000.0,50000.0,50000.0,50000.0,50000.0,50000.0,2798.91,2783.54,50000.0,50000.0,50000.0,50000.0,50000.0,50000.0,50000.0,50000.0,50000.0,50000.0,50000.0,2220.3,50000.0,50000.0,2148.12,50000.0,50000.0,50000.0,50000.0,50000.0,50000.0,50000.0,50000.0,50000.0,2218.21,50000.0,50000.0
50000.0,50000.0,50000.0,50000.0,50000.0,50000.0,1815.28,2279.75,50000.0,50000.0,50000.0,50000.0,50000.0,50000.0,50000.0,50000.0,50000.0,50000.0,50000.0,2077.49,50000.0,50000.0,2155.24,50000.0,50000.0,50000.0,50000.0,50000.0,50000.0,50000.0,50000.0,50000.0,2035.16,50000.0,4484.12
50000.0,50000.0,50000.0,50000.0,50000.0,50000.0,2103.33,2137.98,50000.0,50000.0,50000.0,50000.0,50000.0,50000.0,50000.0,50000.0,50000.0,50000.0,50000.0,1799.1,50000.0,50000.0,1725.38,50000.0,50000.0,50000.0,50000.0,50000.0,50000.0,50000.0,50000.0,50000.0,2031.84,50000.0,4466.57
50000.0,50000.0,50000.0,50000.0,50000.0,50000.0,3780.94,3759.58,50000.0,50000.0,50000.0,50000.0,50000.0,50000.0,50000.0,50000.0,50000.0,50000.0,50000.0,2779.29,50000.0,50000.0,2686.38,50000.0,50000.0,50000.0,50000.0,50000.0,50000.0,50000.0,50000.0,50000.0,3230.96,50000.0,50000.0
50000.0,50000.0,50000.0,50000.0,50000.0,50000.0,3070.57,3197.09,50000.0,50000.0,50000.0,50000.0,50000.0,50000.0,50000.0,50000.0,50000.0,50000.0,50000.0,2636.59,50000.0,50000.0,2573.6,50000.0,50000.0,50000.0,50000.0,50000.0,50000.0,50000.0,50000.0,50000.0,2582.37,50000.0,50000.0
395.129,414.226,3294.47,741.322,417.414,523.933,2694.5,1403.82,50000.0,118.971,1649.61,50000.0,50000.0,1569.15,50000.0,1211.92,50000.0,50000.0,1922.95,251.856,272.965,50000.0,1065.13,177.903,209.165,50000.0,50000.0,50000.0,654.321,1655.48,1656.38,50000.0,1712.34,50000.0,596.721
79.457,77.2888,111.011,91.6937,77.4208,40.6065,319.944,319.384,50000.0,60.3798,1065.7,50000.0,50000.0,88.1735,50000.0,64.472,452.5,148.957,633.196,164.106,55.4075,195.348,164.278,52.5713,56.1475,50000.0,50000.0,50000.0,66.2201,1065.99,1978.07,215.093,184.968,50000.0,75.8087
792.37,1126.45,3454.02,1953.34,1126.25,50000.0,3651.34,4507.18,50000.0,369.503,1842.35,50000.0,50000.0,50000.0,50000.0,50000.0,50000.0,50000.0,2348.85,50000.0,303.871,50000.0,50000.0,560.887,305.935,50000.0,50000.0,50000.0,852.513,1852.53,1813.65,50000.0,2771.56,50000.0,802.126
3682.66,50000.0,4938.22,3201.71,50000.0,2092.91,2028.11,2460.41,3636.97,50000.0,50000.0,50000.0,50000.0,1746.06,50000.0,2007.21,4996.23,50000.0,3543.87,2738.98,50000.0,50000.0,2738.55,50000.0,50000.0,3624.79,50000.0,50000.0,50000.0,50000.0,50000.0,50000.0,3709.15,50000.0,50000.0
50000.0,50000.0,50000.0,50000.0,50000.0,4251.21,2982.08,3190.48,50000.0,50000.0,50000.0,50000.0,50000.0,686.147,50000.0,3798.87,50000.0,50000.0,50000.0,3357.65,50000.0,50000.0,3363.05,50000.0,50000.0,50000.0,50000.0,50000.0,50000.0,50000.0,50000.0,50000.0,50000.0,50000.0,50000.0
974.725,558.083,3001.08,550.102,555.471,1078.0,50000.0,50000.0,50000.0,607.922,1330.79,50000.0,50000.0,233.199,50000.0,1708.79,1083.3,690.923,1674.02,0.644,361.291,50000.0,0.644,576.808,643.656,50000.0,50000.0,50000.0,333.909,1333.57,3408.22,790.245,1.4681,50000.0,312.764
133.824,286.322,208.321,794.046,285.654,204.013,1040.86,1685.58,120.16,85.4133,1273.41,50000.0,50000.0,1715.58,50000.0,41.2746,50000.0,1681.23,1296.25,620.999,122.112,227.306,376.84,132.668,132.48,120.067,121.352,123.156,277.485,1276.69,1398.89,779.997,235.855,50000.0,333.905
483.87,550.69,364.475,1050.71,550.01,1954.12,3161.15,2390.38,3596.89,233.915,1506.54,50000.0,50000.0,1401.57,50000.0,50000.0,50000.0,50000.0,1118.67,515.12,187.484,3452.23,1451.41,197.204,196.636,3574.29,3620.2,3614.4,510.596,1510.79,1492.6,50000.0,1762.97,50000.0,632.323
168.447,10.7527,4.4523,43.1027,10.7487,21.4653,136.193,476.282,7.3925,5.9964,36.8783,50000.0,50000.0,156.946,50000.0,8.9006,50000.0,12.0888,993.634,25.3696,6.1324,8.5725,9.0886,229.434,327.728,7.5645,10.3206,17.4131,6.0364,1005.79,1480.06,33.7021,29.8019,50000.0,40.9186
50000.0,50000.0,50000.0,50000.0,50000.0,50000.0,3712.64,3492.54,50000.0,50000.0,50000.0,50000.0,50000.0,50000.0,50000.0,50000.0,50000.0,50000.0,50000.0,2269.19,50000.0,50000.0,2318.55,50000.0,50000.0,50000.0,50000.0,50000.0,50000.0,50000.0,50000.0,50000.0,2586.59,50000.0,50000.0
312.304,254.46,42.2746,262.884,253.092,46.1029,567.668,1151.56,858.662,89.5856,1014.23,50000.0,50000.0,174.171,50000.0,45.7669,50000.0,577.2,3629.06,177.647,53.9794,27.4057,200.933,54.3354,50.7072,863.638,861.322,862.91,13.0728,20.3573,67.5562,598.297,77.7649,50000.0,154.366
50000.0,50000.0,50000.0,50000.0,50000.0,4535.08,50000.0,50000.0,50000.0,50000.0,50000.0,50000.0,50000.0,50000.0,50000.0,2293.34,50000.0,50000.0,50000.0,50000.0,50000.0,50000.0,50000.0,50000.0,50000.0,50000.0,50000.0,50000.0,50000.0,50000.0,50000.0,50000.0,50000.0,50000.0,50000.0
198.328,130.864,54.7394,187.844,131.976,40.3865,43.8187,134.796,30.5259,27.4617,690.807,50000.0,50000.0,21.2133,50000.0,40.0185,50000.0,37.2783,3693.78,70.0644,27.8777,12.6008,83.7372,9.7526,9.5726,28.2258,30.0379,28.2138,18.1491,25.2696,26.7377,21.8934,69.7204,50000.0,53.6714
427.667,101.958,46.9589,228.722,102.31,44.8108,667.662,641.12,1851.47,82.9092,1024.99,50000.0,50000.0,101.05,50000.0,44.5388,50000.0,475.978,3540.39,173.931,79.689,67.7202,110.883,46.3749,46.3149,1734.92,2027.14,1761.82,23.6655,31.322,35.7542,669.198,84.1013,50000.0,55.0474
152.55,121.652,42.9587,181.479,98.7862,123.064,207.309,145.977,895.652,33.3861,1030.25,50000.0,50000.0,34.3661,50000.0,69.1563,50000.0,325.008,3693.76,55.1634,40.3225,26.2096,55.0194,27.3097,27.3497,891.62,895.656,894.56,29.8699,37.2023,21.5293,153.966,81.0651,50000.0,58.2236
577.892,110.911,43.2987,280.618,111.467,55.6435,283.21,562.527,1791.07,29.8099,1058.46,50000.0,50000.0,184.876,50000.0,55.4755,50000.0,493.123,3836.98,142.993,29.6499,91.0177,85.9134,67.1002,63.452,1791.3,2119.64,1789.54,50.5152,57.5596,15.969,47.379,64.9441,50000.0,87.6695
329.701,156.686,88.8336,194.376,156.786,64.516,797.898,551.014,1210.73,15.605,1073.47,50000.0,50000.0,172.707,50000.0,64.8441,50000.0,579.312,3515.21,67.2322,15.917,14.8289,66.7562,36.3463,36.4383,1413.44,1217.5,1210.04,69.8404,76.9808,27.9497,159.01,185.704,50000.0,109.091
44.1148,64.428,181.355,557.647,64.376,731.694,1382.24,1256.97,134.32,62.4759,1236.99,50000.0,50000.0,1748.89,50000.0,383.552,50000.0,2735.02,1630.55,122.7,81.4051,308.155,371.063,29.3138,29.3738,133.876,136.044,137.569,238.827,1238.79,1275.95,1443.92,388.044,50000.0,361.703
50000.0,50000.0,2686.39,2278.24,50000.0,50000.0,50000.0,773.012,50000.0,50000.0,2501.39,50000.0,50000.0,50000.0,50000.0,50000.0,50000.0,4956.95,50000.0,50000.0,50000.0,50000.0,50000.0,50000.0,50000.0,50000.0,50000.0,50000.0,1499.66,2492.9,50000.0,384.848,2567.33,50000.0,50000.0
1.4001,1.3321,0.708,3.0642,1.3201,0.172,3603.95,875.807,0.224,1.0961,0.628,50000.0,30.5099,43.8627,50000.0,1.1481,50000.0,0.132,1.4401,68.9483,0.9321,0.196,68.9003,1.0961,0.9601,0.228,0.404,0.684,1.2081,30.4219,30.6219,0.132,14.2249,50000.0,1.0321
530.085,1700.13,597.241,798.01,1694.27,674.674,525.777,480.474,3939.67,648.448,1779.23,50000.0,50000.0,345.326,50000.0,531.609,50000.0,439.935,2163.76,358.242,605.126,640.648,320.052,346.494,327.528,3952.68,3786.27,50000.0,779.873,1784.0,2751.24,531.917,454.456,50000.0,630.983
920.986,87.3095,113.859,315.792,87.5575,521.225,127.728,134.048,50000.0,76.7128,1023.96,50000.0,50000.0,1958.45,50000.0,61.3158,50000.0,103.07,1060.55,3249.59,530.397,365.631,50000.0,784.697,387.288,50000.0,50000.0,50000.0,24.2815,1023.85,2777.8,289.226,465.821,50000.0,522.537
1.2641,1.4921,1.1241,3.2202,1.0721,0.172,4052.51,804.918,0.236,1.0041,18.6092,50000.0,78.2929,81.3131,50000.0,1.0561,50000.0,0.136,1.5801,35.8302,1.1761,0.196,35.7902,1.1481,0.9761,0.236,0.44,0.44,1.1641,32.006,32.194,0.132,253.636,50000.0,1.1761
4196.29,50000.0,4775.36,50000.0,50000.0,2546.47,1368.11,1280.94,50000.0,2290.17,50000.0,50000.0,50000.0,4075.83,50000.0,50000.0,50000.0,50000.0,50000.0,1533.34,2547.73,50000.0,1022.3,2028.0,1962.43,50000.0,50000.0,50000.0,50000.0,50000.0,50000.0,50000.0,1659.55,50000.0,50000.0
610.106,385.996,453.452,357.662,385.616,499.343,202.317,361.767,567.836,303.315,1275.16,50000.0,50000.0,384.656,50000.0,452.732,510.292,249.22,1013.36,162.926,276.605,1600.93,248.256,266.341,334.073,563.463,980.889,524.617,275.581,1275.72,2240.18,241.871,214.317,50000.0,256.896
1.3641,1.5521,0.9961,3.0282,1.4321,0.168,50000.0,54.5554,0.24,1.1161,0.12,50000.0,32.698,384.576,50000.0,1.0361,50000.0,0.132,1.4281,24.7015,1.1241,0.196,24.7575,1.0401,1.0641,0.24,0.424,0.704,1.3841,32.8181,32.8661,0.128,17.0851,50000.0,0.9801
1.3761,1.2841,0.716,3.2202,1.4121,0.172,399.025,1093.22,0.268,0.9521,2.6762,50000.0,40.1705,414.19,50000.0,1.0201,50000.0,0.128,1.5081,76.5568,0.792,0.196,76.6488,1.1161,1.0161,0.264,0.5,0.796,1.1521,34.0221,33.9941,0.128,29.5098,50000.0,1.0721
178.703,29.8619,557.843,282.806,29.8979,56.6515,111.063,123.336,4375.25,62.1119,1049.72,50000.0,50000.0,150.037,50000.0,254.22,50000.0,111.931,954.868,89.8576,126.12,377.964,73.0566,155.666,74.1166,4368.11,1563.98,50000.0,49.6591,1049.51,1242.05,130.536,87.0414,50000.0,58.3756
3.7322,4.0723,3.2522,6.8204,4.1803,0.356,50000.0,50000.0,0.52,3.2002,0.276,50000.0,170.795,81.9051,50000.0,3.0922,50000.0,0.252,4.4043,82.6492,3.2002,0.42,82.1011,3.2842,3.2482,0.484,0.708,1.1201,4.1243,170.591,170.547,0.236,1375.23,50000.0,3.1322
586.829,352.81,295.558,297.899,368.695,259.62,148.577,156.838,1394.1,288.71,1366.38,50000.0,50000.0,183.303,50000.0,242.331,381.488,126.892,1196.92,254.516,310.339,1025.34,147.497,235.567,209.609,1392.26,1402.37,1429.67,366.243,1366.17,1657.97,135.148,140.869,50000.0,183.227
2019.06,3676.62,50000.0,50000.0,3656.28,3266.83,2497.73,2451.7,50000.0,3150.98,4210.31,50000.0,50000.0,1357.16,50000.0,50000.0,50000.0,2378.6,50000.0,1246.74,3046.68,50000.0,1243.64,4811.95,3332.28,50000.0,50000.0,50000.0,3218.17,4220.37,50000.0,2913.97,1022.18,50000.0,3225.6
3.6362,4.0042,2.9602,6.5324,3.9922,0.348,50000.0,332.969,0.416,2.9642,0.156,50000.0,160.846,50000.0,50000.0,2.9722,50000.0,0.248,4.1603,50000.0,2.9202,0.408,50000.0,3.1122,3.0962,0.424,0.764,1.1801,4.0723,160.682,160.862,0.248,2525.96,50000.0,3.1282
521.021,472.586,391.552,374.207,474.798,310.527,356.978,368.323,1730.35,336.777,1264.59,50000.0,50000.0,335.157,50000.0,287.03,661.013,430.683,1168.83,239.903,310.535,623.599,189.176,169.039,254.704,1729.41,1849.8,2580.85,264.501,1263.26,2374.74,516.492,338.001,50000.0,575.616
32.602,7.5165,1.8121,21.5773,7.5845,3.0522,16.013,22.9214,5.2763,1.6281,1001.29,50000.0,50000.0,1.6161,50000.0,1.4721,50000.0,4.5923,651.933,24.0375,1.6681,3.3642,23.8895,1.7281,1.4401,5.2603,8.0645,6.5164,1.5041,1001.32,1201.36,2.2681,19.1412,50000.0,1.6841
3.8442,4.0243,3.1122,6.5244,4.0083,0.348,50000.0,50000.0,0.484,3.0882,0.268,50000.0,186.456,50000.0,50000.0,3.2282,50000.0,0.244,4.2563,32.21,3.0762,0.336,32.102,2.9922,3.0722,0.48,0.444,1.1961,4.1443,1003.77,50000.0,0.236,2337.77,50000.0,3.1962
802.906,635.632,546.49,1088.66,637.72,459.025,469.153,403.369,2361.14,483.994,1462.13,50000.0,50000.0,413.094,50000.0,637.872,50000.0,515.292,1486.86,569.452,479.146,965.24,491.643,548.566,372.723,2367.6,1521.36,1663.07,457.053,1452.59,2517.07,497.171,735.362,50000.0,458.841
3.7602,3.9402,3.1562,6.2564,4.0842,0.352,50000.0,1827.15,0.468,3.0162,0.268,50000.0,164.658,50000.0,50000.0,3.0122,50000.0,0.112,4.2563,1943.58,3.1922,0.436,1944.84,3.1562,3.1002,0.472,0.424,0.9241,3.9522,164.874,164.714,0.236,50000.0,50000.0,3.1122
54.0754,132.952,84.0572,64.38,132.9,2.0041,131.18,436.939,577.64,289.57,787.733,50000.0,144.801,138.893,50000.0,570.192,50000.0,1101.07,1006.95,2399.41,93.4538,296.123,2400.75,179.315,200.065,578.032,293.43,438.039,92.4778,449.948,448.5,716.877,2607.61,50000.0,203.261
9.6086,10.2806,8.3885,13.5728,10.2286,0.648,50000.0,50000.0,0.8761,8.3445,0.56,50000.0,612.75,50000.0,50000.0,8.3765,50000.0,0.412,10.3606,50000.0,8.2005,0.62,50000.0,8.2085,8.3725,0.688,1.1041,1.7441,11.4047,612.642,612.89,0.392,50000.0,50000.0,8.2885
807.811,527.189,2991.31,453.08,528.813,865.414,4076.59,3462.09,50000.0,341.445,1271.16,50000.0,50000.0,229.882,50000.0,728.193,792.169,2355.34,1640.39,0.524,301.479,50000.0,0.672,436.707,481.746,50000.0,50000.0,50000.0,272.669,1273.46,2450.73,2598.17,1.4361,50000.0,301.275
9.9086,11.0127,8.7886,14.3729,10.9687,0.564,50000.0,50000.0,0.704,8.5245,153.37,50000.0,640.544,50000.0,50000.0,8.7766,50000.0,0.444,11.1767,50000.0,8.7125,0.624,50000.0,8.7125,8.5805,0.796,1.2761,1.8721,12.0768,640.072,638.816,0.432,50000.0,50000.0,8.6805
440.772,337.933,567.183,363.207,337.737,301.063,295.338,308.515,1772.75,287.502,1259.11,50000.0,50000.0,388.68,50000.0,494.335,553.287,288.038,1319.45,589.033,264.104,1129.43,587.657,255.784,221.122,1772.04,1662.46,1670.12,259.78,1258.88,1767.99,321.648,458.081,50000.0,302.203
10.4687,11.5647,9.1166,14.4129,11.2407,0.672,50000.0,50000.0,0.78,8.9286,0.584,50000.0,674.698,50000.0,50000.0,8.9646,50000.0,0.42,11.3287,50000.0,9.0446,0.688,50000.0,9.0966,9.1726,0.744,1.0601,1.9961,12.7568,675.062,674.882,0.444,50000.0,50000.0,9.0406
3413.83,3939.05,50000.0,2439.28,3936.71,2417.28,1196.09,1203.55,50000.0,849.061,2643.55,50000.0,50000.0,1241.49,50000.0,2143.94,50000.0,779.857,50000.0,1004.67,1092.51,50000.0,1003.81,1065.57,1065.76,50000.0,50000.0,50000.0,1647.19,2648.81,50000.0,718.497,1046.04,50000.0,576.656
10.0046,10.7687,8.7606,14.4969,10.9047,0.66,50000.0,50000.0,0.76,8.7446,0.576,50000.0,646.772,50000.0,50000.0,8.7245,50000.0,0.424,11.1487,50000.0,8.7845,0.768,50000.0,8.8686,8.6845,0.8521,1.4121,1.9361,12.2888,646.1,647.26,0.404,50000.0,50000.0,8.6805
9.9486,11.0527,8.8285,14.4929,11.5287,0.664,50000.0,50000.0,0.716,8.6445,0.572,50000.0,650.557,50000.0,50000.0,8.8406,50000.0,0.408,11.3327,50000.0,8.6645,0.768,50000.0,8.8805,8.8765,0.776,1.1721,1.7561,12.2448,650.349,650.269,0.22,3965.44,50000.0,8.8605
50000.0,3135.62,50000.0,3610.07,3156.63,3434.66,2497.39,2514.99,50000.0,2207.73,3058.81,50000.0,50000.0,2663.48,50000.0,50000.0,50000.0,1585.38,50000.0,3162.13,2694.13,50000.0,2176.16,3660.16,3652.64,50000.0,50000.0,50000.0,2052.9,3051.28,50000.0,1279.48,2406.85,50000.0,50000.0
118.955,63.2279,33.9701,121.288,63.304,37.7544,662.293,630.499,146.801,47.807,1032.45,50000.0,50000.0,27.8177,50000.0,39.7985,88.9216,167.458,1013.04,287.574,53.7714,187.812,354.474,61.0038,26.6297,146.077,121.332,133.408,32.9381,1032.44,1347.98,207.369,584.853,50000.0,37.1263
344.59,283.982,2239.4,277.941,285.078,323.964,140.469,383.28,3338.18,178.515,1497.25,50000.0,50000.0,679.907,50000.0,353.97,50000.0,363.019,1235.86,50000.0,202.449,924.386,50000.0,544.646,520.817,3336.07,50000.0,2941.0,496.503,1492.39,1996.85,1272.84,214.313,50000.0,184.42
46.4629,475.586,3736.89,1156.42,473.738,1221.69,75.2207,284.438,1.0001,174.999,4.6763,50000.0,33.6301,23.6135,50000.0,1314.65,50000.0,289.462,2.6042,359.074,328.481,50000.0,359.418,362.815,919.237,0.9641,6.4124,5.8684,446.456,31.954,31.846,792.217,622.859,50000.0,262.152
50000.0,50000.0,50000.0,50000.0,50000.0,3504.82,50000.0,50000.0,50000.0,50000.0,50000.0,50000.0,50000.0,50000.0,50000.0,2143.45,50000.0,50000.0,50000.0,50000.0,50000.0,50000.0,50000.0,50000.0,50000.0,50000.0,50000.0,50000.0,50000.0,50000.0,50000.0,50000.0,50000.0,50000.0,50000.0
86.5334,49.5751,38.2784,84.0893,49.7271,33.2781,409.102,584.729,100.246,44.9748,1029.02,50000.0,50000.0,25.2736,50000.0,29.6219,841.269,76.2128,952.656,197.812,50.9272,416.262,327.056,29.8939,29.1018,100.51,116.735,126.136,29.3338,1029.01,1264.23,159.658,144.069,50000.0,31.538
94.5099,59.8837,127.308,71.4885,59.8877,74.0806,419.63,575.792,145.241,52.8873,1050.66,50000.0,50000.0,35.6822,50000.0,29.7179,87.7215,161.002,953.332,148.629,41.2866,140.733,132.912,29.8219,28.7178,143.845,331.945,345.07,51.1352,1050.99,1288.75,155.858,182.579,50000.0,29.7699
828.108,281.158,434.607,443.568,281.386,380.408,534.665,568.876,50000.0,305.559,1257.2,50000.0,50000.0,1572.48,50000.0,268.697,50000.0,362.503,496.103,257.9,265.473,2869.42,259.084,310.471,327.528,50000.0,50000.0,50000.0,258.892,1258.53,4608.88,265.845,350.742,50000.0,348.43
1081.41,422.422,1361.71,450.724,424.255,843.961,2427.46,3479.06,50000.0,325.68,1243.86,50000.0,50000.0,207.945,50000.0,1176.38,941.011,717.029,1632.15,0.9201,296.147,50000.0,0.9081,417.662,471.998,50000.0,50000.0,50000.0,246.991,1246.24,2732.02,694.947,1.9161,50000.0,243.883
50000.0,976.469,50000.0,50000.0,975.269,50000.0,50000.0,50000.0,50000.0,50000.0,18.3211,50000.0,547.574,50000.0,50000.0,50000.0,50000.0,50000.0,14.2849,50000.0,1148.28,50000.0,50000.0,50000.0,50000.0,50000.0,4924.03,50000.0,50000.0,357.114,360.375,50000.0,50000.0,50000.0,50000.0
50000.0,50000.0,50000.0,50000.0,50000.0,50000.0,50000.0,1641.62,50000.0,2292.82,13.4848,50000.0,622.751,50000.0,50000.0,50000.0,50000.0,50000.0,69.0603,50000.0,53.3953,50000.0,50000.0,3103.53,50000.0,50000.0,50000.0,50000.0,50000.0,366.943,363.615,50000.0,50000.0,50000.0,749.223
97.0541,364.027,392.0,257.356,364.291,79.453,197.412,176.711,50000.0,109.659,1086.74,50000.0,50000.0,77.7289,50000.0,90.3096,872.139,293.262,1183.37,882.671,97.1181,439.711,336.805,114.963,124.368,50000.0,50000.0,50000.0,88.3215,1088.26,2207.11,321.916,371.191,50000.0,93.9819
1015.63,471.485,1835.27,416.614,471.301,775.749,3627.38,50000.0,50000.0,544.77,1300.71,50000.0,50000.0,219.27,50000.0,1401.58,773.188,50000.0,1296.16,4035.9,317.268,50000.0,50000.0,528.257,546.63,50000.0,50000.0,50000.0,304.215,1303.06,2568.49,844.625,50000.0,50000.0,263.252
3982.46,50000.0,50000.0,50000.0,50000.0,3103.23,486.874,101.202,50000.0,50000.0,3497.65,50000.0,50000.0,50000.0,50000.0,50000.0,50000.0,4646.11,50000.0,50000.0,769.896,50000.0,50000.0,77.2888,50000.0,50000.0,50000.0,50000.0,2506.17,3500.19,50000.0,1398.17,4950.87,50000.0,50000.0
4682.08,50000.0,3737.25,1907.69,50000.0,4630.76,50000.0,50000.0,50000.0,2589.65,3275.81,50000.0,50000.0,2436.05,50000.0,4679.71,3126.61,50000.0,1465.22,2975.84,2883.02,50000.0,3734.84,3666.9,3671.95,50000.0,50000.0,50000.0,2291.71,3295.22,50000.0,4849.16,3422.18,50000.0,4341.45
3096.44,50000.0,3282.48,50000.0,50000.0,1917.86,2767.34,2126.54,2335.25,3849.78,50000.0,50000.0,50000.0,967.032,50000.0,1799.08,4758.46,50000.0,3362.04,2284.27,50000.0,50000.0,2296.28,4434.45,4416.1,2329.21,4340.49,3252.2,4240.27,50000.0,50000.0,50000.0,4374.42,50000.0,50000.0
50000.0,50000.0,50000.0,50000.0,50000.0,50000.0,50000.0,50000.0,50000.0,2671.97,34.6462,50000.0,293.042,50000.0,50000.0,50000.0,50000.0,50000.0,7.6285,50000.0,50000.0,50000.0,50000.0,50000.0,50000.0,50000.0,50000.0,50000.0,50000.0,619.995,631.483,50000.0,50000.0,50000.0,50000.0
401.249,564.127,593.609,525.501,564.839,351.882,250.772,263.432,1666.32,387.588,1340.86,50000.0,50000.0,414.15,50000.0,358.722,50000.0,262.52,1351.42,129.384,527.429,494.339,351.066,110.071,275.765,1673.12,2995.83,4665.54,341.681,1341.24,3239.89,224.246,330.601,50000.0,796.906
296.062,86.4734,205.665,78.7849,86.9854,187.788,103.798,151.069,368.471,108.883,1157.75,50000.0,50000.0,248.628,50000.0,174.703,50000.0,66.5242,1112.41,70.5604,219.334,141.133,35.2782,38.6904,38.6504,370.599,370.387,370.459,152.266,1152.56,1394.74,18.4092,162.834,50000.0,141.681
50000.0,50000.0,50000.0,50000.0,50000.0,50000.0,50000.0,50000.0,50000.0,2877.1,63.292,50000.0,238.623,50000.0,50000.0,50000.0,50000.0,50000.0,22.5934,50000.0,50000.0,50000.0,50000.0,50000.0,50000.0,50000.0,50000.0,50000.0,50000.0,498.623,491.459,50000.0,50000.0,50000.0,50000.0
50000.0,50000.0,50000.0,50000.0,50000.0,50000.0,50000.0,50000.0,50000.0,1566.82,33.2021,50000.0,1571.1,2973.47,50000.0,303.271,50000.0,50000.0,55.6675,50000.0,50000.0,50000.0,50000.0,50000.0,50000.0,50000.0,941.731,156.918,50000.0,50000.0,2435.0,50000.0,50000.0,50000.0,50000.0
50000.0,50000.0,50000.0,50000.0,50000.0,50000.0,50000.0,50000.0,50000.0,50000.0,50000.0,50000.0,50000.0,50000.0,50000.0,50000.0,50000.0,50000.0,50000.0,2390.43,50000.0,50000.0,50000.0,50000.0,50000.0,50000.0,50000.0,50000.0,50000.0,50000.0,50000.0,50000.0,50000.0,50000.0,50000.0
50000.0,50000.0,50000.0,50000.0,50000.0,50000.0,2963.23,2939.07,50000.0,4535.41,7.7285,50000.0,1077.44,50000.0,50000.0,50000.0,50000.0,50000.0,34.4502,50000.0,50000.0,50000.0,50000.0,50000.0,50000.0,50000.0,4068.51,347.67,1863.88,236.735,232.963,50000.0,50000.0,50000.0,342.821
1031.67,467.881,1825.48,538.466,467.201,1008.85,50000.0,50000.0,50000.0,560.499,1303.49,50000.0,50000.0,252.624,50000.0,1513.27,833.592,4412.17,1603.12,4440.01,384.272,50000.0,50000.0,602.358,713.545,50000.0,50000.0,50000.0,305.495,1305.61,3306.59,3940.23,50000.0,50000.0,358.002
332.689,641.972,307.043,274.161,642.704,364.195,532.049,537.082,2644.71,202.949,1596.4,50000.0,50000.0,785.609,50000.0,182.135,50000.0,251.244,2032.76,434.903,278.501,349.682,278.021,246.323,527.961,2643.75,50000.0,50000.0,592.553,1594.95,2075.29,248.232,547.094,50000.0,291.522
200.385,37.1223,50000.0,5.8604,36.8903,152.19,50000.0,50000.0,50000.0,9.7406,1015.32,50000.0,50000.0,80.313,50000.0,270.197,274.013,22.5374,274.885,0.04,6.7484,50000.0,0.04,22.7414,17.5171,50000.0,50000.0,50000.0,15.737,1015.48,50000.0,39.2104,0.172,50000.0,5.7524
